geoid,name,universe,owner_occupied,renter_occupied,metropolitan statistical area/micropolitan statistical area
10100,"Aberdeen, SD Micro Area",17907.0,12090.0,5817.0,10100
10140,"Aberdeen, WA Micro Area",28070.0,18547.0,9523.0,10140
10180,"Abilene, TX Metro Area",60369.0,37666.0,22703.0,10180
10220,"Ada, OK Micro Area",14512.0,9291.0,5221.0,10220
10260,"Adjuntas, PR Micro Area",6166.0,3364.0,2802.0,10260
10300,"Adrian, MI Micro Area",38115.0,29599.0,8516.0,10300
10380,"Aguadilla-Isabela, PR Metro Area",110741.0,72666.0,38075.0,10380
10420,"Akron, OH Metro Area",285229.0,189113.0,96116.0,10420
10460,"Alamogordo, NM Micro Area",23657.0,15169.0,8488.0,10460
10500,"Albany, GA Metro Area",57644.0,31458.0,26186.0,10500
10540,"Albany, OR Metro Area",46265.0,29649.0,16616.0,10540
10580,"Albany-Schenectady-Troy, NY Metro Area",349325.0,224766.0,124559.0,10580
10620,"Albemarle, NC Micro Area",23859.0,17293.0,6566.0,10620
10660,"Albert Lea, MN Micro Area",12958.0,9958.0,3000.0,10660
10700,"Albertville, AL Micro Area",34588.0,24437.0,10151.0,10700
10740,"Albuquerque, NM Metro Area",345399.0,231628.0,113771.0,10740
10760,"Alexander City, AL Micro Area",16369.0,11763.0,4606.0,10760
10780,"Alexandria, LA Metro Area",55303.0,34291.0,21012.0,10780
10820,"Alexandria, MN Micro Area",16175.0,12149.0,4026.0,10820
10860,"Alice, TX Micro Area",13614.0,9447.0,4167.0,10860
10900,"Allentown-Bethlehem-Easton, PA-NJ Metro Area",318429.0,220705.0,97724.0,10900
10940,"Alma, MI Micro Area",14736.0,10718.0,4018.0,10940
10980,"Alpena, MI Micro Area",12789.0,9851.0,2938.0,10980
11020,"Altoona, PA Metro Area",51638.0,36185.0,15453.0,11020
11060,"Altus, OK Micro Area",9958.0,5710.0,4248.0,11060
11100,"Amarillo, TX Metro Area",96146.0,62155.0,33991.0,11100
11140,"Americus, GA Micro Area",13796.0,7894.0,5902.0,11140
11180,"Ames, IA Metro Area",37106.0,19135.0,17971.0,11180
11220,"Amsterdam, NY Micro Area",19700.0,13565.0,6135.0,11220
11260,"Anchorage, AK Metro Area",136625.0,87131.0,49494.0,11260
11380,"Andrews, TX Micro Area",5413.0,3981.0,1432.0,11380
11420,"Angola, IN Micro Area",13810.0,10743.0,3067.0,11420
11460,"Ann Arbor, MI Metro Area",138947.0,83645.0,55302.0,11460
11500,"Anniston-Oxford-Jacksonville, AL Metro Area",45099.0,31295.0,13804.0,11500
11540,"Appleton, WI Metro Area",91633.0,66617.0,25016.0,11540
11580,"Arcadia, FL Micro Area",11744.0,8090.0,3654.0,11580
11620,"Ardmore, OK Micro Area",18278.0,12649.0,5629.0,11620
11640,"Arecibo, PR Metro Area",66813.0,45998.0,20815.0,11640
11660,"Arkadelphia, AR Micro Area",8820.0,5470.0,3350.0,11660
11680,"Arkansas City-Winfield, KS Micro Area",13688.0,9020.0,4668.0,11680
11700,"Asheville, NC Metro Area",187845.0,126765.0,61080.0,11700
11740,"Ashland, OH Micro Area",20504.0,14890.0,5614.0,11740
11780,"Ashtabula, OH Micro Area",38381.0,26982.0,11399.0,11780
11820,"Astoria, OR Micro Area",15976.0,9756.0,6220.0,11820
11860,"Atchison, KS Micro Area",5967.0,4183.0,1784.0,11860
11900,"Athens, OH Micro Area",22509.0,12783.0,9726.0,11900
11940,"Athens, TN Micro Area",20352.0,15115.0,5237.0,11940
11980,"Athens, TX Micro Area",30459.0,22968.0,7491.0,11980
12380,"Austin, MN Micro Area",15524.0,11374.0,4150.0,12380
12220,"Auburn-Opelika, AL Metro Area",59001.0,34932.0,24069.0,12220
12260,"Augusta-Richmond County, GA-SC Metro Area",212603.0,141771.0,70832.0,12260
12300,"Augusta-Waterville, ME Micro Area",51055.0,35827.0,15228.0,12300
12420,"Austin-Round Rock, TX Metro Area",724566.0,422260.0,302306.0,12420
12460,"Bainbridge, GA Micro Area",10311.0,6157.0,4154.0,12460
12540,"Bakersfield, CA Metro Area",264993.0,151564.0,113429.0,12540
12580,"Baltimore-Columbia-Towson, MD Metro Area",1040704.0,691239.0,349465.0,12580
12620,"Bangor, ME Metro Area",61848.0,43132.0,18716.0,12620
12660,"Baraboo, WI Micro Area",25678.0,17642.0,8036.0,12660
12680,"Bardstown, KY Micro Area",17324.0,13579.0,3745.0,12680
12700,"Barnstable Town, MA Metro Area",95011.0,74862.0,20149.0,12700
12740,"Barre, VT Micro Area",24719.0,17709.0,7010.0,12740
12780,"Bartlesville, OK Micro Area",20688.0,14454.0,6234.0,12780
12820,"Bastrop, LA Micro Area",10077.0,6654.0,3423.0,12820
12860,"Batavia, NY Micro Area",23951.0,17369.0,6582.0,12860
12900,"Batesville, AR Micro Area",14288.0,10105.0,4183.0,12900
12940,"Baton Rouge, LA Metro Area",301894.0,204704.0,97190.0,12940
12980,"Battle Creek, MI Metro Area",53528.0,37346.0,16182.0,12980
12020,"Athens-Clarke County, GA Metro Area",75197.0,40484.0,34713.0,12020
12060,"Atlanta-Sandy Springs-Roswell, GA Metro Area",2029045.0,1282082.0,746963.0,12060
12100,"Atlantic City-Hammonton, NJ Metro Area",100660.0,67845.0,32815.0,12100
12120,"Atmore, AL Micro Area",13226.0,9490.0,3736.0,12120
12140,"Auburn, IN Micro Area",16317.0,12489.0,3828.0,12140
12180,"Auburn, NY Micro Area",31428.0,22255.0,9173.0,12180
13140,"Beaumont-Port Arthur, TX Metro Area",151812.0,103204.0,48608.0,13140
13020,"Bay City, MI Metro Area",44070.0,34431.0,9639.0,13020
13060,"Bay City, TX Micro Area",13811.0,9359.0,4452.0,13060
13100,"Beatrice, NE Micro Area",9255.0,6338.0,2917.0,13100
13180,"Beaver Dam, WI Micro Area",33987.0,23913.0,10074.0,13180
13220,"Beckley, WV Metro Area",48766.0,36625.0,12141.0,13220
13260,"Bedford, IN Micro Area",18432.0,14523.0,3909.0,13260
13300,"Beeville, TX Micro Area",8531.0,5375.0,3156.0,13300
13340,"Bellefontaine, OH Micro Area",18627.0,13754.0,4873.0,13340
13380,"Bellingham, WA Metro Area",83475.0,51560.0,31915.0,13380
13420,"Bemidji, MN Micro Area",17076.0,11648.0,5428.0,13420
13460,"Bend-Redmond, OR Metro Area",69631.0,45441.0,24190.0,13460
13500,"Bennettsville, SC Micro Area",9703.0,6429.0,3274.0,13500
13540,"Bennington, VT Micro Area",15280.0,11139.0,4141.0,13540
13620,"Berlin, NH-VT Micro Area",16599.0,12030.0,4569.0,13620
13660,"Big Rapids, MI Micro Area",15641.0,11567.0,4074.0,13660
13700,"Big Spring, TX Micro Area",11507.0,7849.0,3658.0,13700
13720,"Big Stone Gap, VA Micro Area",22986.0,15953.0,7033.0,13720
13740,"Billings, MT Metro Area",68910.0,47379.0,21531.0,13740
13780,"Binghamton, NY Metro Area",98817.0,67191.0,31626.0,13780
13820,"Birmingham-Hoover, AL Metro Area",440261.0,304606.0,135655.0,13820
13900,"Bismarck, ND Metro Area",54049.0,37566.0,16483.0,13900
13940,"Blackfoot, ID Micro Area",14903.0,11147.0,3756.0,13940
13980,"Blacksburg-Christiansburg-Radford, VA Metro Area",69179.0,43190.0,25989.0,13980
14140,"Bluefield, WV-VA Micro Area",42349.0,31263.0,11086.0,14140
14010,"Bloomington, IL Metro Area",72774.0,48081.0,24693.0,14010
14020,"Bloomington, IN Metro Area",63565.0,36555.0,27010.0,14020
14100,"Bloomsburg-Berwick, PA Metro Area",33987.0,23629.0,10358.0,14100
14180,"Blytheville, AR Micro Area",17238.0,9722.0,7516.0,14180
14220,"Bogalusa, LA Micro Area",17542.0,12545.0,4997.0,14220
14260,"Boise City, ID Metro Area",247290.0,169215.0,78075.0,14260
14300,"Bonham, TX Micro Area",12027.0,8977.0,3050.0,14300
14340,"Boone, IA Micro Area",10998.0,8303.0,2695.0,14340
14380,"Boone, NC Micro Area",20331.0,11976.0,8355.0,14380
14420,"Borger, TX Micro Area",7799.0,6202.0,1597.0,14420
14460,"Boston-Cambridge-Newton, MA-NH Metro Area",1804136.0,1113637.0,690499.0,14460
14500,"Boulder, CO Metro Area",125026.0,77815.0,47211.0,14500
14540,"Bowling Green, KY Metro Area",64088.0,40439.0,23649.0,14540
14580,"Bozeman, MT Micro Area",40723.0,25089.0,15634.0,14580
14620,"Bradford, PA Micro Area",17199.0,12696.0,4503.0,14620
14660,"Brainerd, MN Micro Area",39279.0,30384.0,8895.0,14660
14700,"Branson, MO Micro Area",35022.0,23479.0,11543.0,14700
14720,"Breckenridge, CO Micro Area",9455.0,6287.0,3168.0,14720
14740,"Bremerton-Silverdale, WA Metro Area",100484.0,67077.0,33407.0,14740
14780,"Brenham, TX Micro Area",12205.0,9398.0,2807.0,14780
14820,"Brevard, NC Micro Area",14125.0,10726.0,3399.0,14820
14860,"Bridgeport-Stamford-Norwalk, CT Metro Area",337678.0,228666.0,109012.0,14860
15140,"Brownsville, TN Micro Area",7104.0,4258.0,2846.0,15140
15020,"Brookhaven, MS Micro Area",12806.0,9591.0,3215.0,15020
15060,"Brookings, OR Micro Area",10382.0,7009.0,3373.0,15060
15100,"Brookings, SD Micro Area",12602.0,7512.0,5090.0,15100
15180,"Brownsville-Harlingen, TX Metro Area",122188.0,82068.0,40120.0,15180
15220,"Brownwood, TX Micro Area",13835.0,10038.0,3797.0,15220
15260,"Brunswick, GA Metro Area",45588.0,30076.0,15512.0,15260
15340,"Bucyrus, OH Micro Area",17833.0,12356.0,5477.0,15340
15380,"Buffalo-Cheektowaga-Niagara Falls, NY Metro Area",474349.0,314100.0,160249.0,15380
15420,"Burley, ID Micro Area",15184.0,10682.0,4502.0,15420
15460,"Burlington, IA-IL Micro Area",19791.0,14492.0,5299.0,15460
15500,"Burlington, NC Metro Area",63035.0,41213.0,21822.0,15500
15540,"Burlington-South Burlington, VT Metro Area",86507.0,57190.0,29317.0,15540
15580,"Butte-Silver Bow, MT Micro Area",15256.0,10138.0,5118.0,15580
15620,"Cadillac, MI Micro Area",19046.0,14876.0,4170.0,15620
15660,"Calhoun, GA Micro Area",19959.0,12818.0,7141.0,15660
15680,"California-Lexington Park, MD Metro Area",39276.0,28257.0,11019.0,15680
15700,"Cambridge, MD Micro Area",12940.0,8518.0,4422.0,15700
15740,"Cambridge, OH Micro Area",16065.0,11505.0,4560.0,15740
15780,"Camden, AR Micro Area",12077.0,8448.0,3629.0,15780
15940,"Canton-Massillon, OH Metro Area",162954.0,112718.0,50236.0,15940
15820,"Campbellsville, KY Micro Area",9669.0,6107.0,3562.0,15820
15860,"Cañon City, CO Micro Area",16762.0,12556.0,4206.0,15860
15900,"Canton, IL Micro Area",14069.0,10906.0,3163.0,15900
15980,"Cape Coral-Fort Myers, FL Metro Area",264325.0,184567.0,79758.0,15980
16140,"Carroll, IA Micro Area",8675.0,6517.0,2158.0,16140
16020,"Cape Girardeau, MO-IL Metro Area",36850.0,24939.0,11911.0,16020
16060,"Carbondale-Marion, IL Metro Area",50804.0,32102.0,18702.0,16060
16100,"Carlsbad-Artesia, NM Micro Area",21273.0,15012.0,6261.0,16100
16180,"Carson City, NV Metro Area",22158.0,12191.0,9967.0,16180
16220,"Casper, WY Metro Area",32984.0,21976.0,11008.0,16220
16260,"Cedar City, UT Micro Area",15575.0,10023.0,5552.0,16260
16300,"Cedar Rapids, IA Metro Area",107512.0,80677.0,26835.0,16300
16340,"Cedartown, GA Micro Area",14949.0,9646.0,5303.0,16340
16380,"Celina, OH Micro Area",16142.0,12497.0,3645.0,16380
16420,"Central City, KY Micro Area",11416.0,8885.0,2531.0,16420
16460,"Centralia, IL Micro Area",16001.0,11893.0,4108.0,16460
16500,"Centralia, WA Micro Area",30036.0,20666.0,9370.0,16500
16540,"Chambersburg-Waynesboro, PA Metro Area",60102.0,42413.0,17689.0,16540
16580,"Champaign-Urbana, IL Metro Area",93778.0,53892.0,39886.0,16580
16620,"Charleston, WV Metro Area",92930.0,65356.0,27574.0,16620
16660,"Charleston-Mattoon, IL Micro Area",25293.0,16385.0,8908.0,16660
16700,"Charleston-North Charleston, SC Metro Area",281245.0,182912.0,98333.0,16700
16740,"Charlotte-Concord-Gastonia, NC-SC Metro Area",906355.0,593123.0,313232.0,16740
16820,"Charlottesville, VA Metro Area",87705.0,56321.0,31384.0,16820
16860,"Chattanooga, TN-GA Metro Area",212307.0,143494.0,68813.0,16860
16940,"Cheyenne, WY Metro Area",38447.0,26650.0,11797.0,16940
16980,"Chicago-Naperville-Elgin, IL-IN-WI Metro Area",3481330.0,2241465.0,1239865.0,16980
17200,"Claremont-Lebanon, NH-VT Micro Area",89032.0,64071.0,24961.0,17200
17020,"Chico, CA Metro Area",86167.0,50844.0,35323.0,17020
17060,"Chillicothe, OH Micro Area",28526.0,20075.0,8451.0,17060
17140,"Cincinnati, OH-KY-IN Metro Area",838070.0,553653.0,284417.0,17140
17220,"Clarksburg, WV Micro Area",36820.0,27947.0,8873.0,17220
17260,"Clarksdale, MS Micro Area",8969.0,4596.0,4373.0,17260
17300,"Clarksville, TN-KY Metro Area",100161.0,57597.0,42564.0,17300
17340,"Clearlake, CA Micro Area",26327.0,17362.0,8965.0,17340
17380,"Cleveland, MS Micro Area",12267.0,6800.0,5467.0,17380
17420,"Cleveland, TN Metro Area",46638.0,31475.0,15163.0,17420
17460,"Cleveland-Elyria, OH Metro Area",853766.0,555990.0,297776.0,17460
17500,"Clewiston, FL Micro Area",12098.0,7915.0,4183.0,17500
17540,"Clinton, IA Micro Area",19877.0,14759.0,5118.0,17540
17580,"Clovis, NM Micro Area",18470.0,10664.0,7806.0,17580
17620,"Coamo, PR Micro Area",13783.0,10507.0,3276.0,17620
17640,"Coco, PR Micro Area",10718.0,8679.0,2039.0,17640
17660,"Coeur d'Alene, ID Metro Area",58873.0,41729.0,17144.0,17660
17700,"Coffeyville, KS Micro Area",13619.0,9559.0,4060.0,17700
17740,"Coldwater, MI Micro Area",16415.0,12376.0,4039.0,17740
17780,"College Station-Bryan, TX Metro Area",90343.0,45064.0,45279.0,17780
17820,"Colorado Springs, CO Metro Area",259821.0,166105.0,93716.0,17820
17860,"Columbia, MO Metro Area",68898.0,37742.0,31156.0,17860
17900,"Columbia, SC Metro Area",305203.0,205117.0,100086.0,17900
17980,"Columbus, GA-AL Metro Area",113725.0,62104.0,51621.0,17980
18380,"Cordele, GA Micro Area",8312.0,4909.0,3403.0,18380
18220,"Connersville, IN Micro Area",9410.0,6473.0,2937.0,18220
18260,"Cookeville, TN Micro Area",44127.0,29025.0,15102.0,18260
18300,"Coos Bay, OR Micro Area",26473.0,17261.0,9212.0,18300
18420,"Corinth, MS Micro Area",14675.0,10303.0,4372.0,18420
18460,"Cornelia, GA Micro Area",15106.0,11361.0,3745.0,18460
18500,"Corning, NY Micro Area",40351.0,28956.0,11395.0,18500
18580,"Corpus Christi, TX Metro Area",161632.0,97050.0,64582.0,18580
18620,"Corsicana, TX Micro Area",17326.0,11889.0,5437.0,18620
18660,"Cortland, NY Micro Area",17925.0,11598.0,6327.0,18660
18700,"Corvallis, OR Metro Area",34775.0,19787.0,14988.0,18700
18740,"Coshocton, OH Micro Area",14367.0,10812.0,3555.0,18740
18780,"Craig, CO Micro Area",5103.0,3563.0,1540.0,18780
18820,"Crawfordsville, IN Micro Area",14993.0,10742.0,4251.0,18820
18860,"Crescent City, CA Micro Area",9683.0,5996.0,3687.0,18860
18880,"Crestview-Fort Walton Beach-Destin, FL Metro Area",102023.0,66583.0,35440.0,18880
18900,"Crossville, TN Micro Area",25114.0,19627.0,5487.0,18900
18980,"Cullman, AL Micro Area",31097.0,23271.0,7826.0,18980
18140,"Columbus, OH Metro Area",775065.0,476314.0,298751.0,18140
18180,"Concord, NH Micro Area",57247.0,40616.0,16631.0,18180
19100,"Dallas-Fort Worth-Arlington, TX Metro Area",2494426.0,1491343.0,1003083.0,19100
18020,"Columbus, IN Metro Area",31472.0,22345.0,9127.0,18020
18060,"Columbus, MS Micro Area",22630.0,13872.0,8758.0,18060
18100,"Columbus, NE Micro Area",12937.0,9207.0,3730.0,18100
19000,"Cullowhee, NC Micro Area",16218.0,10565.0,5653.0,19000
19060,"Cumberland, MD-WV Metro Area",39033.0,26640.0,12393.0,19060
19140,"Dalton, GA Metro Area",49560.0,31455.0,18105.0,19140
19180,"Danville, IL Metro Area",31355.0,21928.0,9427.0,19180
19220,"Danville, KY Micro Area",20661.0,14426.0,6235.0,19220
19260,"Danville, VA Micro Area",45204.0,29912.0,15292.0,19260
19300,"Daphne-Fairhope-Foley, AL Metro Area",76133.0,55470.0,20663.0,19300
19340,"Davenport-Moline-Rock Island, IA-IL Metro Area",153775.0,108617.0,45158.0,19340
19380,"Dayton, OH Metro Area",329097.0,208489.0,120608.0,19380
19420,"Dayton, TN Micro Area",12607.0,8882.0,3725.0,19420
19460,"Decatur, AL Metro Area",58960.0,43301.0,15659.0,19460
19500,"Decatur, IL Metro Area",44310.0,30998.0,13312.0,19500
19540,"Decatur, IN Micro Area",12453.0,9491.0,2962.0,19540
19580,"Defiance, OH Micro Area",15309.0,11663.0,3646.0,19580
19620,"Del Rio, TX Micro Area",15189.0,9592.0,5597.0,19620
19660,"Deltona-Daytona Beach-Ormond Beach, FL Metro Area",249318.0,176068.0,73250.0,19660
19700,"Deming, NM Micro Area",9088.0,5612.0,3476.0,19700
19740,"Denver-Aurora-Lakewood, CO Metro Area",1075807.0,684913.0,390894.0,19740
19760,"DeRidder, LA Micro Area",13327.0,10189.0,3138.0,19760
19780,"Des Moines-West Des Moines, IA Metro Area",242050.0,167956.0,74094.0,19780
19820,"Detroit-Warren-Dearborn, MI Metro Area",1682662.0,1157286.0,525376.0,19820
19860,"Dickinson, ND Micro Area",11962.0,7950.0,4012.0,19860
19940,"Dixon, IL Micro Area",13416.0,9905.0,3511.0,19940
19980,"Dodge City, KS Micro Area",11339.0,7093.0,4246.0,19980
20140,"Dublin, GA Micro Area",20714.0,13266.0,7448.0,20140
20020,"Dothan, AL Metro Area",56980.0,38974.0,18006.0,20020
20060,"Douglas, GA Micro Area",14329.0,9468.0,4861.0,20060
20100,"Dover, DE Metro Area",63381.0,44132.0,19249.0,20100
20180,"DuBois, PA Micro Area",31152.0,23969.0,7183.0,20180
20220,"Dubuque, IA Metro Area",38076.0,27476.0,10600.0,20220
20380,"Dunn, NC Micro Area",44657.0,29075.0,15582.0,20380
20260,"Duluth, MN-WI Metro Area",117792.0,84004.0,33788.0,20260
20300,"Dumas, TX Micro Area",6725.0,4294.0,2431.0,20300
20340,"Duncan, OK Micro Area",17252.0,12320.0,4932.0,20340
20420,"Durango, CO Micro Area",21818.0,14880.0,6938.0,20420
20460,"Durant, OK Micro Area",16911.0,10658.0,6253.0,20460
20500,"Durham-Chapel Hill, NC Metro Area",217016.0,129731.0,87285.0,20500
20540,"Dyersburg, TN Micro Area",15327.0,9428.0,5899.0,20540
20580,"Eagle Pass, TX Micro Area",16416.0,11170.0,5246.0,20580
20660,"Easton, MD Micro Area",16498.0,11599.0,4899.0,20660
20700,"East Stroudsburg, PA Metro Area",57526.0,44987.0,12539.0,20700
20740,"Eau Claire, WI Metro Area",65775.0,43703.0,22072.0,20740
20780,"Edwards, CO Micro Area",17765.0,12509.0,5256.0,20780
20820,"Effingham, IL Micro Area",13450.0,10443.0,3007.0,20820
20900,"El Campo, TX Micro Area",15224.0,10269.0,4955.0,20900
20940,"El Centro, CA Metro Area",45198.0,25507.0,19691.0,20940
20980,"El Dorado, AR Micro Area",16189.0,11892.0,4297.0,20980
21140,"Elkhart-Goshen, IN Metro Area",71733.0,49240.0,22493.0,21140
21020,"Elizabeth City, NC Micro Area",24307.0,16170.0,8137.0,21020
21060,"Elizabethtown-Fort Knox, KY Metro Area",57306.0,36970.0,20336.0,21060
21120,"Elk City, OK Micro Area",7573.0,4971.0,2602.0,21120
21180,"Elkins, WV Micro Area",11391.0,8235.0,3156.0,21180
21220,"Elko, NV Micro Area",18647.0,13155.0,5492.0,21220
21260,"Ellensburg, WA Micro Area",17648.0,10172.0,7476.0,21260
21300,"Elmira, NY Metro Area",34664.0,23609.0,11055.0,21300
21340,"El Paso, TX Metro Area",264090.0,162773.0,101317.0,21340
21380,"Emporia, KS Micro Area",13552.0,7795.0,5757.0,21380
21420,"Enid, OK Metro Area",23798.0,15574.0,8224.0,21420
21460,"Enterprise, AL Micro Area",19620.0,12822.0,6798.0,21460
21500,"Erie, PA Metro Area",110377.0,72959.0,37418.0,21500
21540,"Escanaba, MI Micro Area",15920.0,12714.0,3206.0,21540
21580,"Española, NM Micro Area",12852.0,9848.0,3004.0,21580
21640,"Eufaula, AL-GA Micro Area",10169.0,6470.0,3699.0,21640
21660,"Eugene, OR Metro Area",148752.0,87539.0,61213.0,21660
21700,"Eureka-Arcata-Fortuna, CA Micro Area",53966.0,30500.0,23466.0,21700
21740,"Evanston, WY Micro Area",7705.0,5556.0,2149.0,21740
21780,"Evansville, IN-KY Metro Area",127524.0,87109.0,40415.0,21780
21820,"Fairbanks, AK Metro Area",36396.0,21466.0,14930.0,21820
21840,"Fairfield, IA Micro Area",6872.0,4623.0,2249.0,21840
21860,"Fairmont, MN Micro Area",8685.0,6478.0,2207.0,21860
21900,"Fairmont, WV Micro Area",22718.0,17074.0,5644.0,21900
21980,"Fallon, NV Micro Area",9734.0,6261.0,3473.0,21980
23180,"Frankfort, KY Micro Area",29399.0,19711.0,9688.0,23180
23240,"Fredericksburg, TX Micro Area",10795.0,8234.0,2561.0,23240
23060,"Fort Wayne, IN Metro Area",167109.0,116841.0,50268.0,23060
23140,"Frankfort, IN Micro Area",11961.0,8552.0,3409.0,23140
23300,"Freeport, IL Micro Area",19604.0,13537.0,6067.0,23300
23340,"Fremont, NE Micro Area",15090.0,9647.0,5443.0,23340
23380,"Fremont, OH Micro Area",23721.0,16945.0,6776.0,23380
23420,"Fresno, CA Metro Area",301824.0,160001.0,141823.0,23420
23460,"Gadsden, AL Metro Area",39061.0,28096.0,10965.0,23460
23500,"Gaffney, SC Micro Area",20480.0,14446.0,6034.0,23500
23540,"Gainesville, FL Metro Area",103884.0,57481.0,46403.0,23540
23580,"Gainesville, GA Metro Area",63095.0,42572.0,20523.0,23580
23620,"Gainesville, TX Micro Area",15185.0,10456.0,4729.0,23620
23660,"Galesburg, IL Micro Area",20981.0,13862.0,7119.0,23660
23700,"Gallup, NM Micro Area",19764.0,14131.0,5633.0,23700
23780,"Garden City, KS Micro Area",13890.0,8825.0,5065.0,23780
23820,"Gardnerville Ranchos, NV Micro Area",20376.0,14143.0,6233.0,23820
23860,"Georgetown, SC Micro Area",24840.0,18992.0,5848.0,23860
23900,"Gettysburg, PA Metro Area",38818.0,30191.0,8627.0,23900
23940,"Gillette, WY Micro Area",17588.0,12575.0,5013.0,23940
23980,"Glasgow, KY Micro Area",20867.0,14212.0,6655.0,23980
22140,"Farmington, NM Metro Area",41999.0,30647.0,11352.0,22140
22020,"Fargo, ND-MN Metro Area",96492.0,54263.0,42229.0,22020
22060,"Faribault-Northfield, MN Micro Area",22899.0,17012.0,5887.0,22060
22100,"Farmington, MO Micro Area",24661.0,16921.0,7740.0,22100
22180,"Fayetteville, NC Metro Area",141873.0,75170.0,66703.0,22180
22220,"Fayetteville-Springdale-Rogers, AR-MO Metro Area",189693.0,115794.0,73899.0,22220
22260,"Fergus Falls, MN Micro Area",24300.0,19152.0,5148.0,22260
22280,"Fernley, NV Micro Area",20127.0,14248.0,5879.0,22280
22300,"Findlay, OH Micro Area",32049.0,22201.0,9848.0,22300
22340,"Fitzgerald, GA Micro Area",6361.0,3861.0,2500.0,22340
22380,"Flagstaff, AZ Metro Area",47588.0,28235.0,19353.0,22380
22420,"Flint, MI Metro Area",166838.0,117034.0,49804.0,22420
22500,"Florence, SC Metro Area",78953.0,52715.0,26238.0,22500
22520,"Florence-Muscle Shoals, AL Metro Area",60617.0,42439.0,18178.0,22520
22540,"Fond du Lac, WI Metro Area",41387.0,29466.0,11921.0,22540
22580,"Forest City, NC Micro Area",26497.0,18949.0,7548.0,22580
22620,"Forrest City, AR Micro Area",9325.0,5462.0,3863.0,22620
22660,"Fort Collins, CO Metro Area",130502.0,84626.0,45876.0,22660
22700,"Fort Dodge, IA Micro Area",15067.0,10195.0,4872.0,22700
22780,"Fort Leonard Wood, MO Micro Area",15375.0,7404.0,7971.0,22780
22800,"Fort Madison-Keokuk, IA-IL-MO Micro Area",24634.0,18906.0,5728.0,22800
22820,"Fort Morgan, CO Micro Area",10599.0,6809.0,3790.0,22820
22840,"Fort Payne, AL Micro Area",25482.0,18155.0,7327.0,22840
22860,"Fort Polk South, LA Micro Area",17930.0,9399.0,8531.0,22860
25760,"Helena-West Helena, AR Micro Area",7823.0,3725.0,4098.0,25760
22900,"Fort Smith, AR-OK Metro Area",107937.0,72532.0,35405.0,22900
25620,"Hattiesburg, MS Metro Area",54561.0,34138.0,20423.0,25620
25700,"Hays, KS Micro Area",11647.0,7214.0,4433.0,25700
25720,"Heber, UT Micro Area",9040.0,6309.0,2731.0,25720
25740,"Helena, MT Micro Area",32046.0,22765.0,9281.0,25740
25780,"Henderson, NC Micro Area",17029.0,9980.0,7049.0,25780
25820,"Hereford, TX Micro Area",6118.0,3978.0,2140.0,25820
25840,"Hermiston-Pendleton, OR Micro Area",30912.0,19758.0,11154.0,25840
25860,"Hickory-Lenoir-Morganton, NC Metro Area",140700.0,99888.0,40812.0,25860
25880,"Hillsdale, MI Micro Area",17896.0,13684.0,4212.0,25880
25900,"Hilo, HI Micro Area",67054.0,44942.0,22112.0,25900
25940,"Hilton Head Island-Bluffton-Beaufort, SC Metro Area",78505.0,55230.0,23275.0,25940
25980,"Hinesville, GA Metro Area",28507.0,14064.0,14443.0,25980
25020,"Guayama, PR Metro Area",27617.0,20327.0,7290.0,25020
25060,"Gulfport-Biloxi-Pascagoula, MS Metro Area",147769.0,93163.0,54606.0,25060
25100,"Guymon, OK Micro Area",6989.0,4529.0,2460.0,25100
25180,"Hagerstown-Martinsburg, MD-WV Metro Area",98455.0,67465.0,30990.0,25180
25200,"Hailey, ID Micro Area",10252.0,6915.0,3337.0,25200
25220,"Hammond, LA Metro Area",47598.0,32452.0,15146.0,25220
25260,"Hanford-Corcoran, CA Metro Area",42349.0,21925.0,20424.0,25260
25300,"Hannibal, MO Micro Area",15305.0,10528.0,4777.0,25300
25420,"Harrisburg-Carlisle, PA Metro Area",227344.0,154446.0,72898.0,25420
25460,"Harrison, AR Micro Area",18039.0,13412.0,4627.0,25460
25500,"Harrisonburg, VA Metro Area",47351.0,28796.0,18555.0,25500
25540,"Hartford-West Hartford-East Hartford, CT Metro Area",470348.0,314176.0,156172.0,25540
25580,"Hastings, NE Micro Area",12659.0,8645.0,4014.0,25580
24140,"Goldsboro, NC Metro Area",47587.0,28964.0,18623.0,24140
24020,"Glens Falls, NY Metro Area",51237.0,37036.0,14201.0,24020
24060,"Glenwood Springs, CO Micro Area",28395.0,18666.0,9729.0,24060
24100,"Gloversville, NY Micro Area",22535.0,16085.0,6450.0,24100
24220,"Grand Forks, ND-MN Metro Area",42325.0,23835.0,18490.0,24220
24260,"Grand Island, NE Metro Area",32446.0,21575.0,10871.0,24260
24300,"Grand Junction, CO Metro Area",60562.0,40554.0,20008.0,24300
24330,"Grand Rapids, MN Micro Area",19356.0,15559.0,3797.0,24330
24340,"Grand Rapids-Wyoming, MI Metro Area",383745.0,277744.0,106001.0,24340
24380,"Grants, NM Micro Area",9068.0,6450.0,2618.0,24380
24420,"Grants Pass, OR Metro Area",35614.0,23631.0,11983.0,24420
24460,"Great Bend, KS Micro Area",11288.0,7752.0,3536.0,24460
24500,"Great Falls, MT Metro Area",34383.0,22559.0,11824.0,24500
24540,"Greeley, CO Metro Area",99817.0,71451.0,28366.0,24540
24580,"Green Bay, WI Metro Area",127135.0,86728.0,40407.0,24580
24620,"Greeneville, TN Micro Area",27319.0,19864.0,7455.0,24620
24640,"Greenfield Town, MA Micro Area",30512.0,21024.0,9488.0,24640
24660,"Greensboro-High Point, NC Metro Area",293839.0,183662.0,110177.0,24660
24700,"Greensburg, IN Micro Area",10354.0,7182.0,3172.0,24700
24740,"Greenville, MS Micro Area",18249.0,9945.0,8304.0,24740
24780,"Greenville, NC Metro Area",68805.0,35957.0,32848.0,24780
24820,"Greenville, OH Micro Area",20803.0,15073.0,5730.0,24820
24980,"Grenada, MS Micro Area",7889.0,5392.0,2497.0,24980
24860,"Greenville-Anderson-Mauldin, SC Metro Area",334042.0,226476.0,107566.0,24860
24900,"Greenwood, MS Micro Area",14069.0,8071.0,5998.0,24900
24940,"Greenwood, SC Micro Area",36414.0,24601.0,11813.0,24940
26220,"Hood River, OR Micro Area",8543.0,5451.0,3092.0,26220
26020,"Hobbs, NM Micro Area",22029.0,14999.0,7030.0,26020
26090,"Holland, MI Micro Area",42556.0,34873.0,7683.0,26090
26140,"Homosassa Springs, FL Metro Area",62488.0,50556.0,11932.0,26140
26260,"Hope, AR Micro Area",11382.0,8032.0,3350.0,26260
26300,"Hot Springs, AR Metro Area",40062.0,26839.0,13223.0,26300
26340,"Houghton, MI Micro Area",14170.0,9885.0,4285.0,26340
26380,"Houma-Thibodaux, LA Metro Area",76330.0,55738.0,20592.0,26380
26420,"Houston-The Woodlands-Sugar Land, TX Metro Area",2271561.0,1373056.0,898505.0,26420
26460,"Hudson, NY Micro Area",25470.0,18429.0,7041.0,26460
26500,"Huntingdon, PA Micro Area",16935.0,12724.0,4211.0,26500
26540,"Huntington, IN Micro Area",14616.0,11159.0,3457.0,26540
26580,"Huntington-Ashland, WV-KY-OH Metro Area",143263.0,101729.0,41534.0,26580
26620,"Huntsville, AL Metro Area",174639.0,121010.0,53629.0,26620
26660,"Huntsville, TX Micro Area",27228.0,15857.0,11371.0,26660
26700,"Huron, SD Micro Area",7651.0,5129.0,2522.0,26700
26740,"Hutchinson, KS Micro Area",25015.0,17186.0,7829.0,26740
26780,"Hutchinson, MN Micro Area",14760.0,11558.0,3202.0,26780
26820,"Idaho Falls, ID Metro Area",47919.0,34851.0,13068.0,26820
26860,"Indiana, PA Micro Area",34030.0,23857.0,10173.0,26860
26900,"Indianapolis-Carmel-Anderson, IN Metro Area",759549.0,494391.0,265158.0,26900
26940,"Indianola, MS Micro Area",8505.0,4784.0,3721.0,26940
26960,"Ionia, MI Micro Area",22625.0,17634.0,4991.0,26960
26980,"Iowa City, IA Metro Area",66092.0,40323.0,25769.0,26980
27140,"Jackson, MS Metro Area",210526.0,141852.0,68674.0,27140
27020,"Iron Mountain, MI-WI Micro Area",13248.0,10488.0,2760.0,27020
27060,"Ithaca, NY Metro Area",38986.0,21630.0,17356.0,27060
27100,"Jackson, MI Metro Area",61418.0,44932.0,16486.0,27100
27160,"Jackson, OH Micro Area",12964.0,8883.0,4081.0,27160
27180,"Jackson, TN Metro Area",48508.0,31781.0,16727.0,27180
27220,"Jackson, WY-ID Micro Area",12559.0,7884.0,4675.0,27220
27260,"Jacksonville, FL Metro Area",542219.0,348827.0,193392.0,27260
27300,"Jacksonville, IL Micro Area",16005.0,11175.0,4830.0,27300
27540,"Jasper, IN Micro Area",21620.0,16938.0,4682.0,27540
27340,"Jacksonville, NC Metro Area",63093.0,33135.0,29958.0,27340
27380,"Jacksonville, TX Micro Area",17885.0,13172.0,4713.0,27380
27420,"Jamestown, ND Micro Area",9199.0,5979.0,3220.0,27420
27460,"Jamestown-Dunkirk-Fredonia, NY Micro Area",52983.0,37098.0,15885.0,27460
27500,"Janesville-Beloit, WI Metro Area",64482.0,44273.0,20209.0,27500
27580,"Jayuya, PR Micro Area",4818.0,3019.0,1799.0,27580
27600,"Jefferson, GA Micro Area",21785.0,16780.0,5005.0,27600
27620,"Jefferson City, MO Metro Area",56228.0,39812.0,16416.0,27620
27660,"Jennings, LA Micro Area",11435.0,8170.0,3265.0,27660
27700,"Jesup, GA Micro Area",10362.0,6537.0,3825.0,27700
27740,"Johnson City, TN Metro Area",84095.0,56232.0,27863.0,27740
27780,"Johnstown, PA Metro Area",57154.0,42455.0,14699.0,27780
27860,"Jonesboro, AR Metro Area",49321.0,29376.0,19945.0,27860
27900,"Joplin, MO Metro Area",68160.0,45574.0,22586.0,27900
27920,"Junction City, KS Micro Area",12923.0,5044.0,7879.0,27920
27940,"Juneau, AK Micro Area",12273.0,8033.0,4240.0,27940
27980,"Kahului-Wailuku-Lahaina, HI Metro Area",54434.0,32225.0,22209.0,27980
28140,"Kansas City, MO-KS Metro Area",815314.0,531436.0,283878.0,28140
28020,"Kalamazoo-Portage, MI Metro Area",131513.0,87692.0,43821.0,28020
28060,"Kalispell, MT Micro Area",38006.0,27350.0,10656.0,28060
28100,"Kankakee, IL Metro Area",40239.0,27511.0,12728.0,28100
28180,"Kapaa, HI Micro Area",22563.0,14213.0,8350.0,28180
28260,"Kearney, NE Micro Area",21668.0,13837.0,7831.0,28260
28300,"Keene, NH Micro Area",30529.0,21453.0,9076.0,28300
28340,"Kendallville, IN Micro Area",18205.0,13543.0,4662.0,28340
28380,"Kennett, MO Micro Area",12760.0,8071.0,4689.0,28380
28420,"Kennewick-Richland, WA Metro Area",96198.0,65771.0,30427.0,28420
28500,"Kerrville, TX Micro Area",20580.0,14660.0,5920.0,28500
28540,"Ketchikan, AK Micro Area",5270.0,3261.0,2009.0,28540
28580,"Key West, FL Micro Area",30198.0,17724.0,12474.0,28580
28620,"Kill Devil Hills, NC Micro Area",16803.0,11761.0,5042.0,28620
28660,"Killeen-Temple, TX Metro Area",146569.0,82441.0,64128.0,28660
28700,"Kingsport-Bristol-Bristol, TN-VA Metro Area",128545.0,93709.0,34836.0,28700
28740,"Kingston, NY Metro Area",69662.0,48343.0,21319.0,28740
28780,"Kingsville, TX Micro Area",11110.0,5851.0,5259.0,28780
28820,"Kinston, NC Micro Area",23263.0,13992.0,9271.0,28820
28860,"Kirksville, MO Micro Area",11264.0,6898.0,4366.0,28860
28900,"Klamath Falls, OR Micro Area",27171.0,17659.0,9512.0,28900
28940,"Knoxville, TN Metro Area",344088.0,235932.0,108156.0,28940
29180,"Lafayette, LA Metro Area",179928.0,124817.0,55111.0,29180
29020,"Kokomo, IN Metro Area",34538.0,23580.0,10958.0,29020
29060,"Laconia, NH Micro Area",24579.0,18619.0,5960.0,29060
29100,"La Crosse-Onalaska, WI-MN Metro Area",55080.0,36497.0,18583.0,29100
29200,"Lafayette-West Lafayette, IN Metro Area",79987.0,46160.0,33827.0,29200
29260,"La Grande, OR Micro Area",10291.0,6512.0,3779.0,29260
29300,"LaGrange, GA Micro Area",24679.0,14074.0,10605.0,29300
29340,"Lake Charles, LA Metro Area",79816.0,54554.0,25262.0,29340
29380,"Lake City, FL Micro Area",24722.0,18051.0,6671.0,29380
29420,"Lake Havasu City-Kingman, AZ Metro Area",83902.0,57336.0,26566.0,29420
29460,"Lakeland-Winter Haven, FL Metro Area",226604.0,154703.0,71901.0,29460
29500,"Lamesa, TX Micro Area",4339.0,3085.0,1254.0,29500
29540,"Lancaster, PA Metro Area",198565.0,135368.0,63197.0,29540
29620,"Lansing-East Lansing, MI Metro Area",185380.0,119698.0,65682.0,29620
29660,"Laramie, WY Micro Area",16009.0,7940.0,8069.0,29660
29700,"Laredo, TX Metro Area",72379.0,45601.0,26778.0,29700
29740,"Las Cruces, NM Metro Area",76740.0,48139.0,28601.0,29740
29780,"Las Vegas, NM Micro Area",11041.0,7770.0,3271.0,29780
29820,"Las Vegas-Henderson-Paradise, NV Metro Area",749858.0,395201.0,354657.0,29820
29860,"Laurel, MS Micro Area",31480.0,23640.0,7840.0,29860
29900,"Laurinburg, NC Micro Area",13273.0,8235.0,5038.0,29900
29940,"Lawrence, KS Metro Area",44945.0,23201.0,21744.0,29940
29980,"Lawrenceburg, TN Micro Area",16101.0,11887.0,4214.0,29980
30220,"Levelland, TX Micro Area",8065.0,5533.0,2532.0,30220
30020,"Lawton, OK Metro Area",45222.0,24825.0,20397.0,30020
30060,"Lebanon, MO Micro Area",13825.0,9350.0,4475.0,30060
30140,"Lebanon, PA Metro Area",52792.0,36703.0,16089.0,30140
30260,"Lewisburg, PA Micro Area",14702.0,10404.0,4298.0,30260
30280,"Lewisburg, TN Micro Area",12008.0,8608.0,3400.0,30280
30300,"Lewiston, ID-WA Metro Area",25543.0,18086.0,7457.0,30300
30340,"Lewiston-Auburn, ME Metro Area",45263.0,28953.0,16310.0,30340
30380,"Lewistown, PA Micro Area",18939.0,13299.0,5640.0,30380
30420,"Lexington, NE Micro Area",9783.0,6563.0,3220.0,30420
30460,"Lexington-Fayette, KY Metro Area",197974.0,115513.0,82461.0,30460
30580,"Liberal, KS Micro Area",7573.0,4986.0,2587.0,30580
30620,"Lima, OH Metro Area",40319.0,26645.0,13674.0,30620
30660,"Lincoln, IL Micro Area",11011.0,8016.0,2995.0,30660
30700,"Lincoln, NE Metro Area",127458.0,77250.0,50208.0,30700
30780,"Little Rock-North Little Rock-Conway, AR Metro Area",279408.0,178727.0,100681.0,30780
30820,"Lock Haven, PA Micro Area",14675.0,10378.0,4297.0,30820
30860,"Logan, UT-ID Metro Area",41115.0,26677.0,14438.0,30860
30880,"Logan, WV Micro Area",13978.0,10337.0,3641.0,30880
30900,"Logansport, IN Micro Area",14840.0,10956.0,3884.0,30900
30940,"London, KY Micro Area",47823.0,32505.0,15318.0,30940
30980,"Longview, TX Metro Area",77658.0,51344.0,26314.0,30980
31930,"Marietta, OH Micro Area",25378.0,18744.0,6634.0,31930
31820,"Manitowoc, WI Micro Area",34119.0,25605.0,8514.0,31820
31860,"Mankato-North Mankato, MN Metro Area",38220.0,25066.0,13154.0,31860
31900,"Mansfield, OH Metro Area",47987.0,32498.0,15489.0,31900
31940,"Marinette, WI-MI Micro Area",29141.0,22157.0,6984.0,31940
31980,"Marion, IN Micro Area",26122.0,17858.0,8264.0,31980
31020,"Longview, WA Metro Area",40668.0,26975.0,13693.0,31020
31060,"Los Alamos, NM Micro Area",7525.0,5543.0,1982.0,31060
31080,"Los Angeles-Long Beach-Anaheim, CA Metro Area",4320174.0,2100915.0,2219259.0,31080
31140,"Louisville/Jefferson County, KY-IN Metro Area",498979.0,334489.0,164490.0,31140
31180,"Lubbock, TX Metro Area",114486.0,64584.0,49902.0,31180
31220,"Ludington, MI Micro Area",12186.0,9398.0,2788.0,31220
31260,"Lufkin, TX Micro Area",30931.0,20424.0,10507.0,31260
31300,"Lumberton, NC Micro Area",46163.0,29859.0,16304.0,31300
31340,"Lynchburg, VA Metro Area",99743.0,70222.0,29521.0,31340
31380,"Macomb, IL Micro Area",11481.0,7659.0,3822.0,31380
31420,"Macon-Bibb County, GA Metro Area",85039.0,52003.0,33036.0,31420
31460,"Madera, CA Metro Area",44458.0,27701.0,16757.0,31460
31500,"Madison, IN Micro Area",12677.0,9093.0,3584.0,31500
31540,"Madison, WI Metro Area",265003.0,161935.0,103068.0,31540
31580,"Madisonville, KY Micro Area",18546.0,13078.0,5468.0,31580
31620,"Magnolia, AR Micro Area",9337.0,6138.0,3199.0,31620
31660,"Malone, NY Micro Area",18956.0,13820.0,5136.0,31660
31680,"Malvern, AR Micro Area",12291.0,9197.0,3094.0,31680
31700,"Manchester-Nashua, NH Metro Area",158139.0,104138.0,54001.0,31700
31740,"Manhattan, KS Metro Area",35196.0,17952.0,17244.0,31740
33180,"Middlesborough, KY Micro Area",11063.0,7187.0,3876.0,33180
33220,"Midland, MI Metro Area",33986.0,25791.0,8195.0,33220
33100,"Miami-Fort Lauderdale-West Palm Beach, FL Metro Area",2077708.0,1241468.0,836240.0,33100
33140,"Michigan City-La Porte, IN Metro Area",42975.0,30717.0,12258.0,33140
33260,"Midland, TX Metro Area",56680.0,38011.0,18669.0,33260
33300,"Milledgeville, GA Micro Area",19300.0,11335.0,7965.0,33300
33340,"Milwaukee-Waukesha-West Allis, WI Metro Area",627823.0,377457.0,250366.0,33340
33420,"Mineral Wells, TX Micro Area",10441.0,7331.0,3110.0,33420
33460,"Minneapolis-St. Paul-Bloomington, MN-WI Metro Area",1355503.0,948052.0,407451.0,33460
33500,"Minot, ND Micro Area",31123.0,19404.0,11719.0,33500
33540,"Missoula, MT Metro Area",47963.0,28234.0,19729.0,33540
33700,"Modesto, CA Metro Area",171324.0,97790.0,73534.0,33700
33580,"Mitchell, SD Micro Area",9757.0,6220.0,3537.0,33580
33620,"Moberly, MO Micro Area",8348.0,6298.0,2050.0,33620
33660,"Mobile, AL Metro Area",153794.0,102051.0,51743.0,33660
33740,"Monroe, LA Metro Area",64770.0,40216.0,24554.0,33740
33780,"Monroe, MI Metro Area",58652.0,47019.0,11633.0,33780
33860,"Montgomery, AL Metro Area",144254.0,92901.0,51353.0,33860
33940,"Montrose, CO Micro Area",16951.0,11728.0,5223.0,33940
33980,"Morehead City, NC Micro Area",30000.0,21801.0,8199.0,33980
33020,"Mexico, MO Micro Area",9457.0,6436.0,3021.0,33020
33060,"Miami, OK Micro Area",12020.0,8245.0,3775.0,33060
32140,"Marshall, MN Micro Area",10060.0,6862.0,3198.0,32140
32000,"Marion, NC Micro Area",17970.0,12804.0,5166.0,32000
32020,"Marion, OH Micro Area",24699.0,16884.0,7815.0,32020
32100,"Marquette, MI Micro Area",26199.0,18328.0,7871.0,32100
32180,"Marshall, MO Micro Area",8754.0,6006.0,2748.0,32180
32220,"Marshall, TX Micro Area",23363.0,17328.0,6035.0,32220
32260,"Marshalltown, IA Micro Area",15541.0,10902.0,4639.0,32260
32280,"Martin, TN Micro Area",13607.0,9060.0,4547.0,32280
32300,"Martinsville, VA Micro Area",27901.0,19385.0,8516.0,32300
32340,"Maryville, MO Micro Area",8493.0,4761.0,3732.0,32340
32380,"Mason City, IA Micro Area",22380.0,15798.0,6582.0,32380
32420,"Mayagüez, PR Metro Area",36040.0,22086.0,13954.0,32420
32460,"Mayfield, KY Micro Area",14299.0,10558.0,3741.0,32460
32500,"Maysville, KY Micro Area",6737.0,4571.0,2166.0,32500
32540,"McAlester, OK Micro Area",17828.0,12969.0,4859.0,32540
32580,"McAllen-Edinburg-Mission, TX Metro Area",232523.0,156949.0,75574.0,32580
32620,"McComb, MS Micro Area",19956.0,14519.0,5437.0,32620
32660,"McMinnville, TN Micro Area",15755.0,10794.0,4961.0,32660
32700,"McPherson, KS Micro Area",12077.0,8662.0,3415.0,32700
32740,"Meadville, PA Micro Area",35102.0,25551.0,9551.0,32740
32780,"Medford, OR Metro Area",86195.0,54232.0,31963.0,32780
32820,"Memphis, TN-MS-AR Metro Area",495596.0,298897.0,196699.0,32820
32860,"Menomonie, WI Micro Area",16652.0,11405.0,5247.0,32860
32900,"Merced, CA Metro Area",79261.0,41206.0,38055.0,32900
32940,"Meridian, MS Micro Area",39952.0,27719.0,12233.0,32940
32980,"Merrill, WI Micro Area",12560.0,9732.0,2828.0,32980
34980,"Nashville-Davidson--Murfreesboro--Franklin, TN Metro Area",691266.0,453699.0,237567.0,34980
34860,"Nacogdoches, TX Micro Area",23825.0,13308.0,10517.0,34860
34900,"Napa, CA Metro Area",49044.0,30954.0,18090.0,34900
34940,"Naples-Immokalee-Marco Island, FL Metro Area",138131.0,99624.0,38507.0,34940
34140,"Moscow, ID Micro Area",15448.0,8230.0,7218.0,34140
34020,"Morgan City, LA Micro Area",20032.0,12515.0,7517.0,34020
34060,"Morgantown, WV Metro Area",50830.0,32309.0,18521.0,34060
34100,"Morristown, TN Metro Area",44431.0,30832.0,13599.0,34100
34180,"Moses Lake, WA Micro Area",30512.0,18928.0,11584.0,34180
34220,"Moultrie, GA Micro Area",15599.0,9277.0,6322.0,34220
34260,"Mountain Home, AR Micro Area",18398.0,13864.0,4534.0,34260
34300,"Mountain Home, ID Micro Area",10062.0,5823.0,4239.0,34300
34340,"Mount Airy, NC Micro Area",29256.0,21363.0,7893.0,34340
34380,"Mount Pleasant, MI Micro Area",24898.0,15307.0,9591.0,34380
34420,"Mount Pleasant, TX Micro Area",10675.0,7163.0,3512.0,34420
34460,"Mount Sterling, KY Micro Area",17450.0,12347.0,5103.0,34460
34500,"Mount Vernon, IL Micro Area",15244.0,11179.0,4065.0,34500
34540,"Mount Vernon, OH Micro Area",23229.0,16571.0,6658.0,34540
34580,"Mount Vernon-Anacortes, WA Metro Area",47341.0,32080.0,15261.0,34580
34620,"Muncie, IN Metro Area",46304.0,29732.0,16572.0,34620
34660,"Murray, KY Micro Area",14757.0,9383.0,5374.0,34660
34700,"Muscatine, IA Micro Area",16414.0,11892.0,4522.0,34700
34740,"Muskegon, MI Metro Area",65216.0,48466.0,16750.0,34740
34780,"Muskogee, OK Micro Area",26097.0,17364.0,8733.0,34780
34820,"Myrtle Beach-Conway-North Myrtle Beach, SC-NC Metro Area",178272.0,128469.0,49803.0,34820
35140,"Newberry, SC Micro Area",14893.0,10844.0,4049.0,35140
35020,"Natchez, MS-LA Micro Area",18949.0,11911.0,7038.0,35020
35060,"Natchitoches, LA Micro Area",14549.0,7275.0,7274.0,35060
35100,"New Bern, NC Metro Area",50114.0,32718.0,17396.0,35100
35380,"New Orleans-Metairie, LA Metro Area",480817.0,297802.0,183015.0,35380
35220,"New Castle, IN Micro Area",18096.0,13227.0,4869.0,35220
35260,"New Castle, PA Micro Area",36742.0,27219.0,9523.0,35260
35300,"New Haven-Milford, CT Metro Area",327402.0,204037.0,123365.0,35300
35420,"New Philadelphia-Dover, OH Micro Area",36548.0,25837.0,10711.0,35420
35440,"Newport, OR Micro Area",20674.0,13145.0,7529.0,35440
35460,"Newport, TN Micro Area",14592.0,9964.0,4628.0,35460
35500,"Newton, IA Micro Area",14533.0,10716.0,3817.0,35500
35700,"Nogales, AZ Micro Area",15568.0,10468.0,5100.0,35700
35580,"New Ulm, MN Micro Area",10668.0,8304.0,2364.0,35580
35620,"New York-Newark-Jersey City, NY-NJ-PA Metro Area",7168027.0,3721950.0,3446077.0,35620
35660,"Niles-Benton Harbor, MI Metro Area",63035.0,43694.0,19341.0,35660
35740,"Norfolk, NE Micro Area",19572.0,13679.0,5893.0,35740
35820,"North Platte, NE Micro Area",15583.0,10035.0,5548.0,35820
35840,"North Port-Sarasota-Bradenton, FL Metro Area",318253.0,230799.0,87454.0,35840
35860,"North Vernon, IN Micro Area",10753.0,7987.0,2766.0,35860
35900,"North Wilkesboro, NC Micro Area",27765.0,20691.0,7074.0,35900
35940,"Norwalk, OH Micro Area",22876.0,15996.0,6880.0,35940
35980,"Norwich-New London, CT Metro Area",107193.0,71447.0,35746.0,35980
36220,"Odessa, TX Metro Area",51475.0,33994.0,17481.0,36220
36020,"Oak Harbor, WA Micro Area",34027.0,23180.0,10847.0,36020
36100,"Ocala, FL Metro Area",134747.0,101514.0,33233.0,36100
36140,"Ocean City, NJ Metro Area",39861.0,30900.0,8961.0,36140
36260,"Ogden-Clearfield, UT Metro Area",202991.0,152572.0,50419.0,36260
36300,"Ogdensburg-Massena, NY Micro Area",41638.0,30189.0,11449.0,36300
36340,"Oil City, PA Micro Area",21925.0,16403.0,5522.0,36340
36380,"Okeechobee, FL Micro Area",13333.0,9630.0,3703.0,36380
36420,"Oklahoma City, OK Metro Area",505879.0,323575.0,182304.0,36420
36460,"Olean, NY Micro Area",31723.0,22617.0,9106.0,36460
36500,"Olympia-Tumwater, WA Metro Area",106229.0,67862.0,38367.0,36500
36540,"Omaha-Council Bluffs, NE-IA Metro Area",352312.0,230083.0,122229.0,36540
36580,"Oneonta, NY Micro Area",23627.0,17553.0,6074.0,36580
36620,"Ontario, OR-ID Micro Area",18833.0,12295.0,6538.0,36620
36660,"Opelousas, LA Micro Area",30467.0,21254.0,9213.0,36660
36700,"Orangeburg, SC Micro Area",33029.0,22673.0,10356.0,36700
36740,"Orlando-Kissimmee-Sanford, FL Metro Area",837022.0,504275.0,332747.0,36740
36780,"Oshkosh-Neenah, WI Metro Area",69759.0,45027.0,24732.0,36780
36820,"Oskaloosa, IA Micro Area",8955.0,6313.0,2642.0,36820
36830,"Othello, WA Micro Area",5824.0,3745.0,2079.0,36830
36840,"Ottawa, KS Micro Area",9897.0,7137.0,2760.0,36840
36860,"Ottawa-Peru, IL Micro Area",60702.0,44769.0,15933.0,36860
36900,"Ottumwa, IA Micro Area",17786.0,13057.0,4729.0,36900
36940,"Owatonna, MN Micro Area",14450.0,11050.0,3400.0,36940
36980,"Owensboro, KY Metro Area",46732.0,32324.0,14408.0,36980
37100,"Oxnard-Thousand Oaks-Ventura, CA Metro Area",270046.0,170678.0,99368.0,37100
37020,"Owosso, MI Micro Area",27623.0,20898.0,6725.0,37020
37060,"Oxford, MS Micro Area",19767.0,11551.0,8216.0,37060
37080,"Oxford, NC Micro Area",20945.0,15367.0,5578.0,37080
37260,"Palatka, FL Micro Area",27951.0,20321.0,7630.0,37260
37120,"Ozark, AL Micro Area",18825.0,11237.0,7588.0,37120
37140,"Paducah, KY-IL Micro Area",40882.0,28442.0,12440.0,37140
37220,"Pahrump, NV Micro Area",18077.0,12529.0,5548.0,37220
37300,"Palestine, TX Micro Area",16567.0,11748.0,4819.0,37300
37340,"Palm Bay-Melbourne-Titusville, FL Metro Area",227223.0,163565.0,63658.0,37340
37420,"Pampa, TX Micro Area",7971.0,5995.0,1976.0,37420
37460,"Panama City, FL Metro Area",73962.0,46834.0,27128.0,37460
37500,"Paragould, AR Micro Area",16821.0,11323.0,5498.0,37500
37540,"Paris, TN Micro Area",13483.0,10173.0,3310.0,37540
37580,"Paris, TX Micro Area",19085.0,12273.0,6812.0,37580
37620,"Parkersburg-Vienna, WV Metro Area",38537.0,27712.0,10825.0,37620
37660,"Parsons, KS Micro Area",8098.0,5727.0,2371.0,37660
37740,"Payson, AZ Micro Area",21585.0,15729.0,5856.0,37740
37780,"Pecos, TX Micro Area",3731.0,2674.0,1057.0,37780
37800,"Pella, IA Micro Area",13098.0,9313.0,3785.0,37800
37860,"Pensacola-Ferry Pass-Brent, FL Metro Area",178443.0,116827.0,61616.0,37860
37900,"Peoria, IL Metro Area",151043.0,108110.0,42933.0,37900
37940,"Peru, IN Micro Area",13465.0,9459.0,4006.0,37940
37980,"Philadelphia-Camden-Wilmington, PA-NJ-DE-MD Metro Area",2253471.0,1516332.0,737139.0,37980
38220,"Pine Bluff, AR Metro Area",34597.0,22769.0,11828.0,38220
38060,"Phoenix-Mesa-Scottsdale, AZ Metro Area",1623046.0,1005444.0,617602.0,38060
38100,"Picayune, MS Micro Area",20710.0,15858.0,4852.0,38100
38180,"Pierre, SD Micro Area",9301.0,6274.0,3027.0,38180
38240,"Pinehurst-Southern Pines, NC Micro Area",38185.0,28402.0,9783.0,38240
38260,"Pittsburg, KS Micro Area",14974.0,8903.0,6071.0,38260
38300,"Pittsburgh, PA Metro Area",1000493.0,699351.0,301142.0,38300
38340,"Pittsfield, MA Metro Area",55063.0,37987.0,17076.0,38340
38380,"Plainview, TX Micro Area",11217.0,6774.0,4443.0,38380
38420,"Platteville, WI Micro Area",19444.0,13448.0,5996.0,38420
38460,"Plattsburgh, NY Micro Area",31680.0,21542.0,10138.0,38460
38500,"Plymouth, IN Micro Area",17249.0,13018.0,4231.0,38500
38540,"Pocatello, ID Metro Area",30790.0,21200.0,9590.0,38540
38580,"Point Pleasant, WV-OH Micro Area",22599.0,17274.0,5325.0,38580
38620,"Ponca City, OK Micro Area",17890.0,12328.0,5562.0,38620
38660,"Ponce, PR Metro Area",107050.0,74327.0,32723.0,38660
38700,"Pontiac, IL Micro Area",14379.0,10432.0,3947.0,38700
38740,"Poplar Bluff, MO Micro Area",16550.0,10479.0,6071.0,38740
38780,"Portales, NM Micro Area",7125.0,4358.0,2767.0,38780
38820,"Port Angeles, WA Micro Area",32280.0,22480.0,9800.0,38820
38840,"Port Clinton, OH Micro Area",17495.0,13686.0,3809.0,38840
38860,"Portland-South Portland, ME Metro Area",217941.0,155609.0,62332.0,38860
39140,"Prescott, AZ Metro Area",94343.0,66683.0,27660.0,39140
38900,"Portland-Vancouver-Hillsboro, OR-WA Metro Area",912368.0,561367.0,351001.0,38900
38920,"Port Lavaca, TX Micro Area",7733.0,5458.0,2275.0,38920
38940,"Port St. Lucie, FL Metro Area",173540.0,128122.0,45418.0,38940
39020,"Portsmouth, OH Micro Area",30204.0,20470.0,9734.0,39020
39060,"Pottsville, PA Micro Area",58758.0,43942.0,14816.0,39060
39220,"Price, UT Micro Area",7841.0,5712.0,2129.0,39220
39260,"Prineville, OR Micro Area",9330.0,6293.0,3037.0,39260
39300,"Providence-Warwick, RI-MA Metro Area",627931.0,382435.0,245496.0,39300
39340,"Provo-Orem, UT Metro Area",158951.0,107360.0,51591.0,39340
39380,"Pueblo, CO Metro Area",63489.0,40106.0,23383.0,39380
39420,"Pullman, WA Micro Area",17657.0,7856.0,9801.0,39420
39460,"Punta Gorda, FL Metro Area",74884.0,58572.0,16312.0,39460
39500,"Quincy, IL-MO Micro Area",31215.0,22108.0,9107.0,39500
39540,"Racine, WI Metro Area",75640.0,52188.0,23452.0,39540
39580,"Raleigh, NC Metro Area",471659.0,309413.0,162246.0,39580
39660,"Rapid City, SD Metro Area",58033.0,40544.0,17489.0,39660
39700,"Raymondville, TX Micro Area",5737.0,4465.0,1272.0,39700
39740,"Reading, PA Metro Area",153876.0,111104.0,42772.0,39740
39780,"Red Bluff, CA Micro Area",23712.0,15934.0,7778.0,39780
39820,"Redding, CA Metro Area",70486.0,44095.0,26391.0,39820
39860,"Red Wing, MN Micro Area",19345.0,14435.0,4910.0,39860
39900,"Reno, NV Metro Area",175184.0,101517.0,73667.0,39900
39940,"Rexburg, ID Micro Area",15016.0,8439.0,6577.0,39940
39980,"Richmond, IN Micro Area",26397.0,17791.0,8606.0,39980
40140,"Riverside-San Bernardino-Ontario, CA Metro Area",1335366.0,832117.0,503249.0,40140
40060,"Richmond, VA Metro Area",479256.0,313927.0,165329.0,40060
40080,"Richmond-Berea, KY Micro Area",39588.0,24461.0,15127.0,40080
40100,"Rio Grande City, TX Micro Area",16320.0,12136.0,4184.0,40100
40180,"Riverton, WY Micro Area",15167.0,10699.0,4468.0,40180
40220,"Roanoke, VA Metro Area",129549.0,88680.0,40869.0,40220
40260,"Roanoke Rapids, NC Micro Area",30026.0,19494.0,10532.0,40260
40420,"Rockford, IL Metro Area",133200.0,90543.0,42657.0,40420
40300,"Rochelle, IL Micro Area",20830.0,15594.0,5236.0,40300
40340,"Rochester, MN Metro Area",84975.0,64556.0,20419.0,40340
40380,"Rochester, NY Metro Area",431327.0,289529.0,141798.0,40380
40460,"Rockingham, NC Micro Area",18371.0,12025.0,6346.0,40460
40540,"Rock Springs, WY Micro Area",16269.0,12001.0,4268.0,40540
40580,"Rocky Mount, NC Metro Area",58309.0,36746.0,21563.0,40580
40620,"Rolla, MO Micro Area",17330.0,10547.0,6783.0,40620
40660,"Rome, GA Metro Area",35506.0,21371.0,14135.0,40660
40700,"Roseburg, OR Micro Area",44828.0,30465.0,14363.0,40700
40740,"Roswell, NM Micro Area",23343.0,15870.0,7473.0,40740
40760,"Ruidoso, NM Micro Area",7902.0,6190.0,1712.0,40760
40780,"Russellville, AR Micro Area",30702.0,20866.0,9836.0,40780
40820,"Ruston, LA Micro Area",17370.0,9465.0,7905.0,40820
40860,"Rutland, VT Micro Area",25160.0,18141.0,7019.0,40860
40900,"Sacramento--Roseville--Arden-Arcade, CA Metro Area",811543.0,483186.0,328357.0,40900
40940,"Safford, AZ Micro Area",10976.0,7469.0,3507.0,40940
40980,"Saginaw, MI Metro Area",78482.0,56305.0,22177.0,40980
41180,"St. Louis, MO-IL Metro Area",1112971.0,768836.0,344135.0,41180
41060,"St. Cloud, MN Metro Area",74662.0,51291.0,23371.0,41060
41100,"St. George, UT Metro Area",52385.0,36722.0,15663.0,41100
41140,"St. Joseph, MO-KS Metro Area",47097.0,31132.0,15965.0,41140
41220,"St. Marys, GA Micro Area",18913.0,11358.0,7555.0,41220
41260,"St. Marys, PA Micro Area",13447.0,10598.0,2849.0,41260
41400,"Salem, OH Micro Area",41582.0,30446.0,11136.0,41400
41420,"Salem, OR Metro Area",145205.0,88168.0,57037.0,41420
41460,"Salina, KS Micro Area",24731.0,16868.0,7863.0,41460
41500,"Salinas, CA Metro Area",125939.0,63873.0,62066.0,41500
41540,"Salisbury, MD-DE Metro Area",153289.0,112236.0,41053.0,41540
41620,"Salt Lake City, UT Metro Area",382620.0,256827.0,125793.0,41620
41660,"San Angelo, TX Metro Area",43729.0,27683.0,16046.0,41660
41700,"San Antonio-New Braunfels, TX Metro Area",795519.0,497765.0,297754.0,41700
41740,"San Diego-Carlsbad, CA Metro Area",1111739.0,589144.0,522595.0,41740
41760,"Sandpoint, ID Micro Area",17563.0,12782.0,4781.0,41760
41780,"Sandusky, OH Micro Area",31577.0,21850.0,9727.0,41780
41820,"Sanford, NC Micro Area",21691.0,14600.0,7091.0,41820
41860,"San Francisco-Oakland-Hayward, CA Metro Area",1684081.0,914376.0,769705.0,41860
41900,"San Germán, PR Metro Area",44044.0,28470.0,15574.0,41900
41940,"San Jose-Sunnyvale-Santa Clara, CA Metro Area",647891.0,369967.0,277924.0,41940
41980,"San Juan-Carolina-Caguas, PR Metro Area",779035.0,536541.0,242494.0,41980
42220,"Santa Rosa, CA Metro Area",190058.0,114608.0,75450.0,42220
42020,"San Luis Obispo-Paso Robles-Arroyo Grande, CA Metro Area",105044.0,63052.0,41992.0,42020
42100,"Santa Cruz-Watsonville, CA Metro Area",95536.0,56992.0,38544.0,42100
42140,"Santa Fe, NM Metro Area",61651.0,43346.0,18305.0,42140
42180,"Santa Isabel, PR Micro Area",7759.0,5679.0,2080.0,42180
42200,"Santa Maria-Santa Barbara, CA Metro Area",144015.0,75308.0,68707.0,42200
42300,"Sault Ste. Marie, MI Micro Area",14004.0,9801.0,4203.0,42300
42340,"Savannah, GA Metro Area",139377.0,81458.0,57919.0,42340
42380,"Sayre, PA Micro Area",24851.0,18595.0,6256.0,42380
42420,"Scottsbluff, NE Micro Area",15304.0,10576.0,4728.0,42420
42460,"Scottsboro, AL Micro Area",20368.0,14992.0,5376.0,42460
42680,"Sebastian-Vero Beach, FL Metro Area",57911.0,43914.0,13997.0,42680
42540,"Scranton--Wilkes-Barre--Hazleton, PA Metro Area",224955.0,152485.0,72470.0,42540
42620,"Searcy, AR Micro Area",29217.0,19632.0,9585.0,42620
42660,"Seattle-Tacoma-Bellevue, WA Metro Area",1448393.0,869598.0,578795.0,42660
42700,"Sebring, FL Metro Area",41350.0,30884.0,10466.0,42700
42740,"Sedalia, MO Micro Area",16031.0,10780.0,5251.0,42740
42780,"Selinsgrove, PA Micro Area",14576.0,10594.0,3982.0,42780
42820,"Selma, AL Micro Area",16487.0,9755.0,6732.0,42820
42860,"Seneca, SC Micro Area",31354.0,22872.0,8482.0,42860
42900,"Seneca Falls, NY Micro Area",13536.0,9912.0,3624.0,42900
42940,"Sevierville, TN Micro Area",36901.0,24861.0,12040.0,42940
42980,"Seymour, IN Micro Area",16549.0,12027.0,4522.0,42980
43140,"Shelby, NC Micro Area",37782.0,25455.0,12327.0,43140
43020,"Shawano, WI Micro Area",18378.0,13895.0,4483.0,43020
43060,"Shawnee, OK Micro Area",25925.0,17840.0,8085.0,43060
43100,"Sheboygan, WI Metro Area",47532.0,33085.0,14447.0,43100
43180,"Shelbyville, TN Micro Area",17058.0,11631.0,5427.0,43180
43220,"Shelton, WA Micro Area",23034.0,17785.0,5249.0,43220
43260,"Sheridan, WY Micro Area",13130.0,9001.0,4129.0,43260
43300,"Sherman-Denison, TX Metro Area",47550.0,31863.0,15687.0,43300
43320,"Show Low, AZ Micro Area",34251.0,23595.0,10656.0,43320
43340,"Shreveport-Bossier City, LA Metro Area",171610.0,107349.0,64261.0,43340
43380,"Sidney, OH Micro Area",18665.0,13209.0,5456.0,43380
43420,"Sierra Vista-Douglas, AZ Metro Area",49160.0,33878.0,15282.0,43420
43460,"Sikeston, MO Micro Area",15241.0,10497.0,4744.0,43460
43500,"Silver City, NM Micro Area",11879.0,8585.0,3294.0,43500
43580,"Sioux City, IA-NE-SD Metro Area",65064.0,45237.0,19827.0,43580
43620,"Sioux Falls, SD Metro Area",98203.0,66069.0,32134.0,43620
43660,"Snyder, TX Micro Area",5838.0,4327.0,1511.0,43660
43700,"Somerset, KY Micro Area",25810.0,17852.0,7958.0,43700
43740,"Somerset, PA Micro Area",29918.0,23296.0,6622.0,43740
43760,"Sonora, CA Micro Area",22267.0,15458.0,6809.0,43760
43780,"South Bend-Mishawaka, IN-MI Metro Area",121380.0,85007.0,36373.0,43780
43900,"Spartanburg, SC Metro Area",124755.0,86226.0,38529.0,43900
43940,"Spearfish, SD Micro Area",10902.0,6996.0,3906.0,43940
43980,"Spencer, IA Micro Area",7264.0,5027.0,2237.0,43980
44140,"Springfield, MA Metro Area",237713.0,148327.0,89386.0,44140
44020,"Spirit Lake, IA Micro Area",8039.0,6100.0,1939.0,44020
44060,"Spokane-Spokane Valley, WA Metro Area",218166.0,139688.0,78478.0,44060
44100,"Springfield, IL Metro Area",88903.0,62026.0,26877.0,44100
44180,"Springfield, MO Metro Area",181947.0,114509.0,67438.0,44180
44220,"Springfield, OH Metro Area",54836.0,35995.0,18841.0,44220
44260,"Starkville, MS Micro Area",17393.0,9256.0,8137.0,44260
44300,"State College, PA Metro Area",57710.0,35427.0,22283.0,44300
44340,"Statesboro, GA Micro Area",26632.0,14157.0,12475.0,44340
44540,"Sterling, CO Micro Area",8151.0,5052.0,3099.0,44540
44420,"Staunton-Waynesboro, VA Metro Area",48395.0,34176.0,14219.0,44420
44460,"Steamboat Springs, CO Micro Area",9478.0,6471.0,3007.0,44460
44500,"Stephenville, TX Micro Area",13827.0,8803.0,5024.0,44500
44580,"Sterling, IL Micro Area",23468.0,17671.0,5797.0,44580
44620,"Stevens Point, WI Micro Area",28072.0,19271.0,8801.0,44620
44660,"Stillwater, OK Micro Area",30404.0,15050.0,15354.0,44660
44700,"Stockton-Lodi, CA Metro Area",223808.0,124734.0,99074.0,44700
44740,"Storm Lake, IA Micro Area",7561.0,5005.0,2556.0,44740
44780,"Sturgis, MI Micro Area",23831.0,17639.0,6192.0,44780
44860,"Sulphur Springs, TX Micro Area",13287.0,9209.0,4078.0,44860
44900,"Summerville, GA Micro Area",9253.0,6077.0,3176.0,44900
44920,"Summit Park, UT Micro Area",14781.0,10899.0,3882.0,44920
44940,"Sumter, SC Metro Area",41417.0,26860.0,14557.0,44940
44980,"Sunbury, PA Micro Area",39281.0,28000.0,11281.0,44980
45140,"Tahlequah, OK Micro Area",16360.0,10874.0,5486.0,45140
45000,"Susanville, CA Micro Area",9441.0,6230.0,3211.0,45000
45020,"Sweetwater, TX Micro Area",5552.0,3845.0,1707.0,45020
45060,"Syracuse, NY Metro Area",258028.0,173893.0,84135.0,45060
45180,"Talladega-Sylacauga, AL Micro Area",35855.0,26236.0,9619.0,45180
45220,"Tallahassee, FL Metro Area",146460.0,84617.0,61843.0,45220
45300,"Tampa-St. Petersburg-Clearwater, FL Metro Area",1180768.0,755785.0,424983.0,45300
45340,"Taos, NM Micro Area",12603.0,9366.0,3237.0,45340
45380,"Taylorville, IL Micro Area",13892.0,10449.0,3443.0,45380
45460,"Terre Haute, IN Metro Area",65978.0,43531.0,22447.0,45460
45500,"Texarkana, TX-AR Metro Area",55491.0,36076.0,19415.0,45500
45520,"The Dalles, OR Micro Area",10135.0,6497.0,3638.0,45520
45540,"The Villages, FL Metro Area",52360.0,47193.0,5167.0,45540
45580,"Thomaston, GA Micro Area",10263.0,6600.0,3663.0,45580
45620,"Thomasville, GA Micro Area",17254.0,11116.0,6138.0,45620
45660,"Tiffin, OH Micro Area",21507.0,15534.0,5973.0,45660
45700,"Tifton, GA Micro Area",14999.0,8545.0,6454.0,45700
45740,"Toccoa, GA Micro Area",9427.0,6620.0,2807.0,45740
45780,"Toledo, OH Metro Area",245562.0,152984.0,92578.0,45780
45820,"Topeka, KS Metro Area",93914.0,63901.0,30013.0,45820
45860,"Torrington, CT Micro Area",74605.0,57330.0,17275.0,45860
45900,"Traverse City, MI Micro Area",59471.0,47565.0,11906.0,45900
45940,"Trenton, NJ Metro Area",129546.0,83188.0,46358.0,45940
45980,"Troy, AL Micro Area",12284.0,7277.0,5007.0,45980
46140,"Tulsa, OK Metro Area",378264.0,245637.0,132627.0,46140
46020,"Truckee-Grass Valley, CA Micro Area",40386.0,29975.0,10411.0,46020
46060,"Tucson, AZ Metro Area",398530.0,246837.0,151693.0,46060
46100,"Tullahoma-Manchester, TN Micro Area",40514.0,28835.0,11679.0,46100
46180,"Tupelo, MS Micro Area",52143.0,36345.0,15798.0,46180
46220,"Tuscaloosa, AL Metro Area",84791.0,54776.0,30015.0,46220
46300,"Twin Falls, ID Micro Area",37837.0,25424.0,12413.0,46300
46340,"Tyler, TX Metro Area",77801.0,51275.0,26526.0,46340
46380,"Ukiah, CA Micro Area",34182.0,20230.0,13952.0,46380
46460,"Union City, TN-KY Micro Area",15258.0,10137.0,5121.0,46460
46500,"Urbana, OH Micro Area",15274.0,11100.0,4174.0,46500
46520,"Urban Honolulu, HI Metro Area",311451.0,173242.0,138209.0,46520
46540,"Utica-Rome, NY Metro Area",115659.0,78324.0,37335.0,46540
46620,"Uvalde, TX Micro Area",8624.0,6284.0,2340.0,46620
46660,"Valdosta, GA Metro Area",51901.0,28934.0,22967.0,46660
46700,"Vallejo-Fairfield, CA Metro Area",147352.0,88381.0,58971.0,46700
46740,"Valley, AL Micro Area",13694.0,9103.0,4591.0,46740
46780,"Van Wert, OH Micro Area",11503.0,8604.0,2899.0,46780
46820,"Vermillion, SD Micro Area",5302.0,2735.0,2567.0,46820
46860,"Vernal, UT Micro Area",10616.0,8104.0,2512.0,46860
46900,"Vernon, TX Micro Area",5155.0,3343.0,1812.0,46900
46980,"Vicksburg, MS Micro Area",21746.0,14007.0,7739.0,46980
47220,"Vineland-Bridgeton, NJ Metro Area",50596.0,32245.0,18351.0,47220
47020,"Victoria, TX Metro Area",35489.0,23714.0,11775.0,47020
47080,"Vidalia, GA Micro Area",13598.0,8632.0,4966.0,47080
47180,"Vincennes, IN Micro Area",14986.0,9596.0,5390.0,47180
47240,"Vineyard Haven, MA Micro Area",6139.0,4770.0,1369.0,47240
47260,"Virginia Beach-Norfolk-Newport News, VA-NC Metro Area",638027.0,392635.0,245392.0,47260
47420,"Wahpeton, ND-MN Micro Area",9681.0,7017.0,2664.0,47420
47300,"Visalia-Porterville, CA Metro Area",135144.0,75975.0,59169.0,47300
47340,"Wabash, IN Micro Area",12920.0,9567.0,3353.0,47340
47380,"Waco, TX Metro Area",93613.0,55071.0,38542.0,47380
47460,"Walla Walla, WA Metro Area",24150.0,15702.0,8448.0,47460
47540,"Wapakoneta, OH Micro Area",18342.0,13903.0,4439.0,47540
47580,"Warner Robins, GA Metro Area",69206.0,44419.0,24787.0,47580
47620,"Warren, PA Micro Area",17095.0,13026.0,4069.0,47620
47660,"Warrensburg, MO Micro Area",19918.0,11907.0,8011.0,47660
47700,"Warsaw, IN Micro Area",30265.0,22632.0,7633.0,47700
47780,"Washington, IN Micro Area",11482.0,8478.0,3004.0,47780
47820,"Washington, NC Micro Area",18978.0,13439.0,5539.0,47820
47900,"Washington-Arlington-Alexandria, DC-VA-MD-WV Metro Area",2170034.0,1376684.0,793350.0,47900
47920,"Washington Court House, OH Micro Area",11729.0,7284.0,4445.0,47920
47940,"Waterloo-Cedar Falls, IA Metro Area",67411.0,46690.0,20721.0,47940
47980,"Watertown, SD Micro Area",12011.0,7824.0,4187.0,47980
48140,"Wausau, WI Metro Area",54820.0,39911.0,14909.0,48140
48020,"Watertown-Fort Atkinson, WI Micro Area",32739.0,22806.0,9933.0,48020
48060,"Watertown-Fort Drum, NY Metro Area",43206.0,24012.0,19194.0,48060
48100,"Wauchula, FL Micro Area",7718.0,5288.0,2430.0,48100
48180,"Waycross, GA Micro Area",20878.0,13900.0,6978.0,48180
48220,"Weatherford, OK Micro Area",10458.0,6204.0,4254.0,48220
48260,"Weirton-Steubenville, WV-OH Metro Area",50292.0,35626.0,14666.0,48260
48300,"Wenatchee, WA Metro Area",42089.0,28344.0,13745.0,48300
48460,"West Plains, MO Micro Area",16204.0,11208.0,4996.0,48460
48500,"West Point, MS Micro Area",7681.0,5514.0,2167.0,48500
48660,"Wichita Falls, TX Metro Area",55955.0,35990.0,19965.0,48660
48540,"Wheeling, WV-OH Metro Area",57451.0,42720.0,14731.0,48540
48580,"Whitewater-Elkhorn, WI Micro Area",40246.0,27537.0,12709.0,48580
48620,"Wichita, KS Metro Area",245121.0,161195.0,83926.0,48620
48700,"Williamsport, PA Metro Area",45991.0,32145.0,13846.0,48700
48780,"Williston, ND Micro Area",12895.0,7975.0,4920.0,48780
48820,"Willmar, MN Micro Area",16765.0,12381.0,4384.0,48820
48900,"Wilmington, NC Metro Area",112726.0,69269.0,43457.0,48900
48940,"Wilmington, OH Micro Area",16309.0,10617.0,5692.0,48940
48980,"Wilson, NC Micro Area",32068.0,19391.0,12677.0,48980
49180,"Winston-Salem, NC Metro Area",260518.0,176015.0,84503.0,49180
49020,"Winchester, VA-WV Metro Area",50691.0,34666.0,16025.0,49020
49080,"Winnemucca, NV Micro Area",6261.0,4812.0,1449.0,49080
49100,"Winona, MN Micro Area",19228.0,13462.0,5766.0,49100
49220,"Wisconsin Rapids-Marshfield, WI Micro Area",32223.0,23492.0,8731.0,49220
49260,"Woodward, OK Micro Area",7366.0,5273.0,2093.0,49260
49300,"Wooster, OH Micro Area",43353.0,31629.0,11724.0,49300
49340,"Worcester, MA-CT Metro Area",350504.0,229152.0,121352.0,49340
49380,"Worthington, MN Micro Area",7917.0,5632.0,2285.0,49380
49420,"Yakima, WA Metro Area",81720.0,51225.0,30495.0,49420
49460,"Yankton, SD Micro Area",9283.0,6064.0,3219.0,49460
49620,"York-Hanover, PA Metro Area",169667.0,126302.0,43365.0,49620
49660,"Youngstown-Warren-Boardman, OH-PA Metro Area",230549.0,162015.0,68534.0,49660
49700,"Yuba City, CA Metro Area",58068.0,33420.0,24648.0,49700
49740,"Yuma, AZ Metro Area",71670.0,48381.0,23289.0,49740
49780,"Zanesville, OH Micro Area",34348.0,23107.0,11241.0,49780
49820,"Zapata, TX Micro Area",4457.0,3222.0,1235.0,49820
