B25003B_001E,B25003B_002E,B25003B_003E,name,metropolitan statistical area/micropolitan statistical area
193.0,69.0,124.0,"Aberdeen, SD Micro Area",10100
33.0,25.0,8.0,"Aberdeen, WA Micro Area",10140
3551.0,1165.0,2386.0,"Abilene, TX Metro Area",10180
277.0,109.0,168.0,"Ada, OK Micro Area",10220
13.0,0.0,13.0,"Adjuntas, PR Micro Area",10260
442.0,263.0,179.0,"Adrian, MI Micro Area",10300
3582.0,2409.0,1173.0,"Aguadilla-Isabela, PR Metro Area",10380
34342.0,12472.0,21870.0,"Akron, OH Metro Area",10420
713.0,298.0,415.0,"Alamogordo, NM Micro Area",10460
29647.0,11580.0,18067.0,"Albany, GA Metro Area",10500
114.0,66.0,48.0,"Albany, OR Metro Area",10540
24211.0,6538.0,17673.0,"Albany-Schenectady-Troy, NY Metro Area",10580
2473.0,1200.0,1273.0,"Albemarle, NC Micro Area",10620
88.0,33.0,55.0,"Albert Lea, MN Micro Area",10660
676.0,194.0,482.0,"Albertville, AL Micro Area",10700
8729.0,3978.0,4751.0,"Albuquerque, NM Metro Area",10740
4131.0,1964.0,2167.0,"Alexander City, AL Micro Area",10760
15298.0,6120.0,9178.0,"Alexandria, LA Metro Area",10780
117.0,5.0,112.0,"Alexandria, MN Micro Area",10820
42.0,26.0,16.0,"Alice, TX Micro Area",10860
14549.0,5682.0,8867.0,"Allentown-Bethlehem-Easton, PA-NJ Metro Area",10900
179.0,8.0,171.0,"Alma, MI Micro Area",10940
12.0,8.0,4.0,"Alpena, MI Micro Area",10980
561.0,227.0,334.0,"Altoona, PA Metro Area",11020
684.0,239.0,445.0,"Altus, OK Micro Area",11060
4634.0,1542.0,3092.0,"Amarillo, TX Metro Area",11100
6451.0,2894.0,3557.0,"Americus, GA Micro Area",11140
504.0,58.0,446.0,"Ames, IA Metro Area",11180
235.0,89.0,146.0,"Amsterdam, NY Micro Area",11220
5908.0,2146.0,3762.0,"Anchorage, AK Metro Area",11260
120.0,47.0,73.0,"Andrews, TX Micro Area",11380
0.0,0.0,0.0,"Angola, IN Micro Area",11420
15910.0,5578.0,10332.0,"Ann Arbor, MI Metro Area",11460
9641.0,4572.0,5069.0,"Anniston-Oxford-Jacksonville, AL Metro Area",11500
572.0,285.0,287.0,"Appleton, WI Metro Area",11540
1200.0,573.0,627.0,"Arcadia, FL Micro Area",11580
1145.0,595.0,550.0,"Ardmore, OK Micro Area",11620
2085.0,1340.0,745.0,"Arecibo, PR Metro Area",11640
2257.0,1062.0,1195.0,"Arkadelphia, AR Micro Area",11660
194.0,95.0,99.0,"Arkansas City-Winfield, KS Micro Area",11680
7596.0,3159.0,4437.0,"Asheville, NC Metro Area",11700
64.0,13.0,51.0,"Ashland, OH Micro Area",11740
1245.0,437.0,808.0,"Ashtabula, OH Micro Area",11780
76.0,31.0,45.0,"Astoria, OR Micro Area",11820
196.0,120.0,76.0,"Atchison, KS Micro Area",11860
364.0,134.0,230.0,"Athens, OH Micro Area",11900
801.0,321.0,480.0,"Athens, TN Micro Area",11940
1710.0,982.0,728.0,"Athens, TX Micro Area",11980
428.0,113.0,315.0,"Austin, MN Micro Area",12380
14284.0,6563.0,7721.0,"Auburn-Opelika, AL Metro Area",12220
71917.0,37444.0,34473.0,"Augusta-Richmond County, GA-SC Metro Area",12260
226.0,49.0,177.0,"Augusta-Waterville, ME Micro Area",12300
51442.0,22254.0,29188.0,"Austin-Round Rock, TX Metro Area",12420
4037.0,1847.0,2190.0,"Bainbridge, GA Micro Area",12460
14190.0,4468.0,9722.0,"Bakersfield, CA Metro Area",12540
294529.0,135491.0,159038.0,"Baltimore-Columbia-Towson, MD Metro Area",12580
260.0,38.0,222.0,"Bangor, ME Metro Area",12620
159.0,43.0,116.0,"Baraboo, WI Micro Area",12660
819.0,559.0,260.0,"Bardstown, KY Micro Area",12680
1998.0,751.0,1247.0,"Barnstable Town, MA Metro Area",12700
152.0,12.0,140.0,"Barre, VT Micro Area",12740
498.0,196.0,302.0,"Bartlesville, OK Micro Area",12780
4499.0,2188.0,2311.0,"Bastrop, LA Micro Area",12820
614.0,131.0,483.0,"Batavia, NY Micro Area",12860
213.0,139.0,74.0,"Batesville, AR Micro Area",12900
98819.0,51651.0,47168.0,"Baton Rouge, LA Metro Area",12940
5972.0,2593.0,3379.0,"Battle Creek, MI Metro Area",12980
15439.0,5640.0,9799.0,"Athens-Clarke County, GA Metro Area",12020
671664.0,318368.0,353296.0,"Atlanta-Sandy Springs-Roswell, GA Metro Area",12060
15672.0,6149.0,9523.0,"Atlantic City-Hammonton, NJ Metro Area",12100
3980.0,2130.0,1850.0,"Atmore, AL Micro Area",12120
5.0,0.0,5.0,"Auburn, IN Micro Area",12140
493.0,159.0,334.0,"Auburn, NY Micro Area",12180
37914.0,18587.0,19327.0,"Beaumont-Port Arthur, TX Metro Area",13140
635.0,260.0,375.0,"Bay City, MI Metro Area",13020
1746.0,813.0,933.0,"Bay City, TX Micro Area",13060
67.0,13.0,54.0,"Beatrice, NE Micro Area",13100
170.0,20.0,150.0,"Beaver Dam, WI Micro Area",13180
2687.0,1370.0,1317.0,"Beckley, WV Metro Area",13220
5.0,0.0,5.0,"Bedford, IN Micro Area",13260
128.0,16.0,112.0,"Beeville, TX Micro Area",13300
341.0,221.0,120.0,"Bellefontaine, OH Micro Area",13340
475.0,143.0,332.0,"Bellingham, WA Metro Area",13380
55.0,21.0,34.0,"Bemidji, MN Micro Area",13420
136.0,49.0,87.0,"Bend-Redmond, OR Metro Area",13460
4908.0,2777.0,2131.0,"Bennettsville, SC Micro Area",13500
80.0,64.0,16.0,"Bennington, VT Micro Area",13540
36.0,0.0,36.0,"Berlin, NH-VT Micro Area",13620
342.0,119.0,223.0,"Big Rapids, MI Micro Area",13660
685.0,255.0,430.0,"Big Spring, TX Micro Area",13700
266.0,125.0,141.0,"Big Stone Gap, VA Micro Area",13720
456.0,93.0,363.0,"Billings, MT Metro Area",13740
3798.0,911.0,2887.0,"Binghamton, NY Metro Area",13780
125717.0,63014.0,62703.0,"Birmingham-Hoover, AL Metro Area",13820
758.0,58.0,700.0,"Bismarck, ND Metro Area",13900
12.0,0.0,12.0,"Blackfoot, ID Micro Area",13940
2535.0,1115.0,1420.0,"Blacksburg-Christiansburg-Radford, VA Metro Area",13980
1914.0,880.0,1034.0,"Bluefield, WV-VA Micro Area",14140
5157.0,1415.0,3742.0,"Bloomington, IL Metro Area",14010
1697.0,365.0,1332.0,"Bloomington, IN Metro Area",14020
273.0,82.0,191.0,"Bloomsburg-Berwick, PA Metro Area",14100
6127.0,2291.0,3836.0,"Blytheville, AR Micro Area",14180
5147.0,3070.0,2077.0,"Bogalusa, LA Micro Area",14220
1902.0,769.0,1133.0,"Boise City, ID Metro Area",14260
593.0,287.0,306.0,"Bonham, TX Micro Area",14300
49.0,49.0,0.0,"Boone, IA Micro Area",14340
152.0,86.0,66.0,"Boone, NC Micro Area",14380
124.0,22.0,102.0,"Borger, TX Micro Area",14420
128434.0,42544.0,85890.0,"Boston-Cambridge-Newton, MA-NH Metro Area",14460
1146.0,336.0,810.0,"Boulder, CO Metro Area",14500
4423.0,1378.0,3045.0,"Bowling Green, KY Metro Area",14540
70.0,2.0,68.0,"Bozeman, MT Micro Area",14580
7.0,7.0,0.0,"Bradford, PA Micro Area",14620
200.0,26.0,174.0,"Brainerd, MN Micro Area",14660
252.0,14.0,238.0,"Branson, MO Micro Area",14700
38.0,0.0,38.0,"Breckenridge, CO Micro Area",14720
2536.0,940.0,1596.0,"Bremerton-Silverdale, WA Metro Area",14740
1816.0,1273.0,543.0,"Brenham, TX Micro Area",14780
439.0,275.0,164.0,"Brevard, NC Micro Area",14820
35556.0,14387.0,21169.0,"Bridgeport-Stamford-Norwalk, CT Metro Area",14860
3609.0,1807.0,1802.0,"Brownsville, TN Micro Area",15140
3768.0,2304.0,1464.0,"Brookhaven, MS Micro Area",15020
72.0,16.0,56.0,"Brookings, OR Micro Area",15060
112.0,44.0,68.0,"Brookings, SD Micro Area",15100
506.0,253.0,253.0,"Brownsville-Harlingen, TX Metro Area",15180
414.0,186.0,228.0,"Brownwood, TX Micro Area",15220
9982.0,4884.0,5098.0,"Brunswick, GA Metro Area",15260
79.0,29.0,50.0,"Bucyrus, OH Micro Area",15340
57681.0,18833.0,38848.0,"Buffalo-Cheektowaga-Niagara Falls, NY Metro Area",15380
11.0,0.0,11.0,"Burley, ID Micro Area",15420
851.0,155.0,696.0,"Burlington, IA-IL Micro Area",15460
12266.0,5470.0,6796.0,"Burlington, NC Metro Area",15500
1227.0,206.0,1021.0,"Burlington-South Burlington, VT Metro Area",15540
16.0,0.0,16.0,"Butte-Silver Bow, MT Micro Area",15580
79.0,19.0,60.0,"Cadillac, MI Micro Area",15620
735.0,234.0,501.0,"Calhoun, GA Micro Area",15660
5757.0,2858.0,2899.0,"California-Lexington Park, MD Metro Area",15680
3370.0,1174.0,2196.0,"Cambridge, MD Micro Area",15700
197.0,21.0,176.0,"Cambridge, OH Micro Area",15740
4729.0,2578.0,2151.0,"Camden, AR Micro Area",15780
11200.0,4021.0,7179.0,"Canton-Massillon, OH Metro Area",15940
384.0,169.0,215.0,"Campbellsville, KY Micro Area",15820
27.0,22.0,5.0,"Cañon City, CO Micro Area",15860
36.0,27.0,9.0,"Canton, IL Micro Area",15900
16673.0,7160.0,9513.0,"Cape Coral-Fort Myers, FL Metro Area",15980
85.0,3.0,82.0,"Carroll, IA Micro Area",16140
2947.0,1019.0,1928.0,"Cape Girardeau, MO-IL Metro Area",16020
4278.0,960.0,3318.0,"Carbondale-Marion, IL Metro Area",16060
280.0,198.0,82.0,"Carlsbad-Artesia, NM Micro Area",16100
360.0,28.0,332.0,"Carson City, NV Metro Area",16180
435.0,185.0,250.0,"Casper, WY Metro Area",16220
37.0,0.0,37.0,"Cedar City, UT Micro Area",16260
3832.0,1055.0,2777.0,"Cedar Rapids, IA Metro Area",16300
1898.0,919.0,979.0,"Cedartown, GA Micro Area",16340
49.0,27.0,22.0,"Celina, OH Micro Area",16380
279.0,152.0,127.0,"Central City, KY Micro Area",16420
588.0,266.0,322.0,"Centralia, IL Micro Area",16460
129.0,107.0,22.0,"Centralia, WA Micro Area",16500
1811.0,573.0,1238.0,"Chambersburg-Waynesboro, PA Metro Area",16540
9839.0,2825.0,7014.0,"Champaign-Urbana, IL Metro Area",16580
5455.0,2037.0,3418.0,"Charleston, WV Metro Area",16620
581.0,74.0,507.0,"Charleston-Mattoon, IL Micro Area",16660
70113.0,36926.0,33187.0,"Charleston-North Charleston, SC Metro Area",16700
200845.0,88217.0,112628.0,"Charlotte-Concord-Gastonia, NC-SC Metro Area",16740
10906.0,5083.0,5823.0,"Charlottesville, VA Metro Area",16820
28897.0,12145.0,16752.0,"Chattanooga, TN-GA Metro Area",16860
861.0,437.0,424.0,"Cheyenne, WY Metro Area",16940
592953.0,237809.0,355144.0,"Chicago-Naperville-Elgin, IL-IN-WI Metro Area",16980
661.0,131.0,530.0,"Claremont-Lebanon, NH-VT Micro Area",17200
866.0,195.0,671.0,"Chico, CA Metro Area",17020
892.0,472.0,420.0,"Chillicothe, OH Micro Area",17060
108969.0,35934.0,73035.0,"Cincinnati, OH-KY-IN Metro Area",17140
440.0,151.0,289.0,"Clarksburg, WV Micro Area",17220
6643.0,2828.0,3815.0,"Clarksdale, MS Micro Area",17260
19989.0,8224.0,11765.0,"Clarksville, TN-KY Metro Area",17300
571.0,261.0,310.0,"Clearlake, CA Micro Area",17340
7457.0,3337.0,4120.0,"Cleveland, MS Micro Area",17380
1722.0,658.0,1064.0,"Cleveland, TN Metro Area",17420
172016.0,63079.0,108937.0,"Cleveland-Elyria, OH Metro Area",17460
1508.0,636.0,872.0,"Clewiston, FL Micro Area",17500
463.0,99.0,364.0,"Clinton, IA Micro Area",17540
974.0,229.0,745.0,"Clovis, NM Micro Area",17580
3065.0,2326.0,739.0,"Coamo, PR Micro Area",17620
3382.0,2689.0,693.0,"Coco, PR Micro Area",17640
109.0,20.0,89.0,"Coeur d'Alene, ID Metro Area",17660
529.0,324.0,205.0,"Coffeyville, KS Micro Area",17700
39.0,27.0,12.0,"Coldwater, MI Micro Area",17740
10008.0,3748.0,6260.0,"College Station-Bryan, TX Metro Area",17780
14671.0,6097.0,8574.0,"Colorado Springs, CO Metro Area",17820
5574.0,1258.0,4316.0,"Columbia, MO Metro Area",17860
97534.0,50450.0,47084.0,"Columbia, SC Metro Area",17900
47003.0,20556.0,26447.0,"Columbus, GA-AL Metro Area",17980
3083.0,1310.0,1773.0,"Cordele, GA Micro Area",18380
215.0,95.0,120.0,"Connersville, IN Micro Area",18220
638.0,173.0,465.0,"Cookeville, TN Micro Area",18260
142.0,20.0,122.0,"Coos Bay, OR Micro Area",18300
1422.0,714.0,708.0,"Corinth, MS Micro Area",18420
253.0,106.0,147.0,"Cornelia, GA Micro Area",18460
457.0,211.0,246.0,"Corning, NY Micro Area",18500
5764.0,1974.0,3790.0,"Corpus Christi, TX Metro Area",18580
2765.0,1020.0,1745.0,"Corsicana, TX Micro Area",18620
249.0,113.0,136.0,"Cortland, NY Micro Area",18660
284.0,104.0,180.0,"Corvallis, OR Metro Area",18700
177.0,58.0,119.0,"Coshocton, OH Micro Area",18740
38.0,6.0,32.0,"Craig, CO Micro Area",18780
88.0,14.0,74.0,"Crawfordsville, IN Micro Area",18820
61.0,35.0,26.0,"Crescent City, CA Micro Area",18860
7847.0,3639.0,4208.0,"Crestview-Fort Walton Beach-Destin, FL Metro Area",18880
62.0,25.0,37.0,"Crossville, TN Micro Area",18900
261.0,156.0,105.0,"Cullman, AL Micro Area",18980
112183.0,39413.0,72770.0,"Columbus, OH Metro Area",18140
396.0,150.0,246.0,"Concord, NH Micro Area",18180
407609.0,155015.0,252594.0,"Dallas-Fort Worth-Arlington, TX Metro Area",19100
565.0,174.0,391.0,"Columbus, IN Metro Area",18020
9645.0,4892.0,4753.0,"Columbus, MS Micro Area",18060
39.0,25.0,14.0,"Columbus, NE Micro Area",18100
236.0,59.0,177.0,"Cullowhee, NC Micro Area",19000
882.0,252.0,630.0,"Cumberland, MD-WV Metro Area",19060
1562.0,492.0,1070.0,"Dalton, GA Metro Area",19140
3832.0,1213.0,2619.0,"Danville, IL Metro Area",19180
1122.0,629.0,493.0,"Danville, KY Micro Area",19220
14369.0,7247.0,7122.0,"Danville, VA Micro Area",19260
6231.0,2893.0,3338.0,"Daphne-Fairhope-Foley, AL Metro Area",19300
9802.0,3200.0,6602.0,"Davenport-Moline-Rock Island, IA-IL Metro Area",19340
52345.0,20624.0,31721.0,"Dayton, OH Metro Area",19380
260.0,98.0,162.0,"Dayton, TN Micro Area",19420
7258.0,3623.0,3635.0,"Decatur, AL Metro Area",19460
5323.0,2032.0,3291.0,"Decatur, IL Metro Area",19500
98.0,0.0,98.0,"Decatur, IN Micro Area",19540
225.0,109.0,116.0,"Defiance, OH Micro Area",19580
307.0,66.0,241.0,"Del Rio, TX Micro Area",19620
22906.0,10515.0,12391.0,"Deltona-Daytona Beach-Ormond Beach, FL Metro Area",19660
121.0,72.0,49.0,"Deming, NM Micro Area",19700
56164.0,21266.0,34898.0,"Denver-Aurora-Lakewood, CO Metro Area",19740
1634.0,869.0,765.0,"DeRidder, LA Micro Area",19760
10959.0,3553.0,7406.0,"Des Moines-West Des Moines, IA Metro Area",19780
371542.0,158752.0,212790.0,"Detroit-Warren-Dearborn, MI Metro Area",19820
238.0,0.0,238.0,"Dickinson, ND Micro Area",19860
116.0,73.0,43.0,"Dixon, IL Micro Area",19940
214.0,53.0,161.0,"Dodge City, KS Micro Area",19980
6906.0,3094.0,3812.0,"Dublin, GA Micro Area",20140
12780.0,5932.0,6848.0,"Dothan, AL Metro Area",20020
3214.0,1641.0,1573.0,"Douglas, GA Micro Area",20060
14136.0,7983.0,6153.0,"Dover, DE Metro Area",20100
86.0,16.0,70.0,"DuBois, PA Micro Area",20180
839.0,70.0,769.0,"Dubuque, IA Metro Area",20220
9238.0,4825.0,4413.0,"Dunn, NC Micro Area",20380
1048.0,189.0,859.0,"Duluth, MN-WI Metro Area",20260
311.0,88.0,223.0,"Dumas, TX Micro Area",20300
311.0,93.0,218.0,"Duncan, OK Micro Area",20340
38.0,0.0,38.0,"Durango, CO Micro Area",20420
289.0,138.0,151.0,"Durant, OK Micro Area",20460
57572.0,24984.0,32588.0,"Durham-Chapel Hill, NC Metro Area",20500
1901.0,704.0,1197.0,"Dyersburg, TN Micro Area",20540
114.0,32.0,82.0,"Eagle Pass, TX Micro Area",20580
1900.0,866.0,1034.0,"Easton, MD Micro Area",20660
7128.0,4933.0,2195.0,"East Stroudsburg, PA Metro Area",20700
316.0,39.0,277.0,"Eau Claire, WI Metro Area",20740
89.0,0.0,89.0,"Edwards, CO Micro Area",20780
64.0,2.0,62.0,"Effingham, IL Micro Area",20820
2227.0,1202.0,1025.0,"El Campo, TX Micro Area",20900
904.0,365.0,539.0,"El Centro, CA Metro Area",20940
5100.0,3049.0,2051.0,"El Dorado, AR Micro Area",20980
3738.0,1253.0,2485.0,"Elkhart-Goshen, IN Metro Area",21140
7139.0,3458.0,3681.0,"Elizabeth City, NC Micro Area",21020
5611.0,2661.0,2950.0,"Elizabethtown-Fort Knox, KY Metro Area",21060
112.0,61.0,51.0,"Elk City, OK Micro Area",21120
168.0,31.0,137.0,"Elkins, WV Micro Area",21180
118.0,40.0,78.0,"Elko, NV Micro Area",21220
156.0,0.0,156.0,"Ellensburg, WA Micro Area",21260
1499.0,449.0,1050.0,"Elmira, NY Metro Area",21300
9712.0,3541.0,6171.0,"El Paso, TX Metro Area",21340
382.0,67.0,315.0,"Emporia, KS Micro Area",21380
716.0,320.0,396.0,"Enid, OK Metro Area",21420
3479.0,1509.0,1970.0,"Enterprise, AL Micro Area",21460
6732.0,1971.0,4761.0,"Erie, PA Metro Area",21500
0.0,0.0,0.0,"Escanaba, MI Micro Area",21540
68.0,16.0,52.0,"Española, NM Micro Area",21580
4579.0,2278.0,2301.0,"Eufaula, AL-GA Micro Area",21640
1415.0,342.0,1073.0,"Eugene, OR Metro Area",21660
566.0,174.0,392.0,"Eureka-Arcata-Fortuna, CA Micro Area",21700
20.0,13.0,7.0,"Evanston, WY Micro Area",21740
8626.0,2977.0,5649.0,"Evansville, IN-KY Metro Area",21780
1494.0,322.0,1172.0,"Fairbanks, AK Metro Area",21820
211.0,0.0,211.0,"Fairfield, IA Micro Area",21840
0.0,0.0,0.0,"Fairmont, MN Micro Area",21860
831.0,393.0,438.0,"Fairmont, WV Micro Area",21900
208.0,86.0,122.0,"Fallon, NV Micro Area",21980
2264.0,562.0,1702.0,"Frankfort, KY Micro Area",23180
18.0,18.0,0.0,"Fredericksburg, TX Micro Area",23240
16302.0,5617.0,10685.0,"Fort Wayne, IN Metro Area",23060
29.0,27.0,2.0,"Frankfort, IN Micro Area",23140
1658.0,535.0,1123.0,"Freeport, IL Micro Area",23300
77.0,5.0,72.0,"Fremont, NE Micro Area",23340
620.0,171.0,449.0,"Fremont, OH Micro Area",23380
16973.0,4205.0,12768.0,"Fresno, CA Metro Area",23420
6052.0,3138.0,2914.0,"Gadsden, AL Metro Area",23460
4307.0,2029.0,2278.0,"Gaffney, SC Micro Area",23500
18337.0,6946.0,11391.0,"Gainesville, FL Metro Area",23540
4627.0,1803.0,2824.0,"Gainesville, GA Metro Area",23580
400.0,177.0,223.0,"Gainesville, TX Micro Area",23620
1085.0,174.0,911.0,"Galesburg, IL Micro Area",23660
126.0,80.0,46.0,"Gallup, NM Micro Area",23700
231.0,54.0,177.0,"Garden City, KS Micro Area",23780
124.0,71.0,53.0,"Gardnerville Ranchos, NV Micro Area",23820
7140.0,4723.0,2417.0,"Georgetown, SC Micro Area",23860
434.0,252.0,182.0,"Gettysburg, PA Metro Area",23900
24.0,14.0,10.0,"Gillette, WY Micro Area",23940
786.0,339.0,447.0,"Glasgow, KY Micro Area",23980
162.0,89.0,73.0,"Farmington, NM Metro Area",22140
3384.0,237.0,3147.0,"Fargo, ND-MN Metro Area",22020
644.0,79.0,565.0,"Faribault-Northfield, MN Micro Area",22060
158.0,20.0,138.0,"Farmington, MO Micro Area",22100
52283.0,24368.0,27915.0,"Fayetteville, NC Metro Area",22180
4296.0,870.0,3426.0,"Fayetteville-Springdale-Rogers, AR-MO Metro Area",22220
240.0,36.0,204.0,"Fergus Falls, MN Micro Area",22260
201.0,170.0,31.0,"Fernley, NV Micro Area",22280
309.0,152.0,157.0,"Findlay, OH Micro Area",22300
2534.0,1252.0,1282.0,"Fitzgerald, GA Micro Area",22340
565.0,174.0,391.0,"Flagstaff, AZ Metro Area",22380
33070.0,15849.0,17221.0,"Flint, MI Metro Area",22420
31444.0,15809.0,15635.0,"Florence, SC Metro Area",22500
7506.0,3724.0,3782.0,"Florence-Muscle Shoals, AL Metro Area",22520
368.0,34.0,334.0,"Fond du Lac, WI Metro Area",22540
2316.0,1072.0,1244.0,"Forest City, NC Micro Area",22580
4987.0,2283.0,2704.0,"Forrest City, AR Micro Area",22620
718.0,166.0,552.0,"Fort Collins, CO Metro Area",22660
396.0,122.0,274.0,"Fort Dodge, IA Micro Area",22700
1611.0,565.0,1046.0,"Fort Leonard Wood, MO Micro Area",22780
331.0,153.0,178.0,"Fort Madison-Keokuk, IA-IL-MO Micro Area",22800
330.0,27.0,303.0,"Fort Morgan, CO Micro Area",22820
338.0,148.0,190.0,"Fort Payne, AL Micro Area",22840
2671.0,779.0,1892.0,"Fort Polk South, LA Micro Area",22860
4868.0,1679.0,3189.0,"Helena-West Helena, AR Micro Area",25760
4174.0,1236.0,2938.0,"Fort Smith, AR-OK Metro Area",22900
14966.0,6074.0,8892.0,"Hattiesburg, MS Metro Area",25620
78.0,0.0,78.0,"Hays, KS Micro Area",25700
6.0,0.0,6.0,"Heber, UT Micro Area",25720
170.0,32.0,138.0,"Helena, MT Micro Area",25740
8507.0,3734.0,4773.0,"Henderson, NC Micro Area",25780
26.0,7.0,19.0,"Hereford, TX Micro Area",25820
62.0,28.0,34.0,"Hermiston-Pendleton, OR Micro Area",25840
8381.0,4388.0,3993.0,"Hickory-Lenoir-Morganton, NC Metro Area",25860
37.0,17.0,20.0,"Hillsdale, MI Micro Area",25880
487.0,168.0,319.0,"Hilo, HI Micro Area",25900
15659.0,9275.0,6384.0,"Hilton Head Island-Bluffton-Beaufort, SC Metro Area",25940
11550.0,5606.0,5944.0,"Hinesville, GA Metro Area",25980
7412.0,5264.0,2148.0,"Guayama, PR Metro Area",25020
31190.0,13052.0,18138.0,"Gulfport-Biloxi-Pascagoula, MS Metro Area",25060
567.0,25.0,542.0,"Guymon, OK Micro Area",25100
7143.0,2498.0,4645.0,"Hagerstown-Martinsburg, MD-WV Metro Area",25180
0.0,0.0,0.0,"Hailey, ID Micro Area",25200
13226.0,6554.0,6672.0,"Hammond, LA Metro Area",25220
2278.0,736.0,1542.0,"Hanford-Corcoran, CA Metro Area",25260
631.0,209.0,422.0,"Hannibal, MO Micro Area",25300
21611.0,7372.0,14239.0,"Harrisburg-Carlisle, PA Metro Area",25420
34.0,0.0,34.0,"Harrison, AR Micro Area",25460
1789.0,459.0,1330.0,"Harrisonburg, VA Metro Area",25500
47575.0,19316.0,28259.0,"Hartford-West Hartford-East Hartford, CT Metro Area",25540
40.0,29.0,11.0,"Hastings, NE Micro Area",25580
14541.0,6059.0,8482.0,"Goldsboro, NC Metro Area",24140
303.0,56.0,247.0,"Glens Falls, NY Metro Area",24020
107.0,52.0,55.0,"Glenwood Springs, CO Micro Area",24060
181.0,58.0,123.0,"Gloversville, NY Micro Area",24100
1353.0,110.0,1243.0,"Grand Forks, ND-MN Metro Area",24220
457.0,23.0,434.0,"Grand Island, NE Metro Area",24260
272.0,49.0,223.0,"Grand Junction, CO Metro Area",24300
24.0,8.0,16.0,"Grand Rapids, MN Micro Area",24330
23361.0,7467.0,15894.0,"Grand Rapids-Wyoming, MI Metro Area",24340
59.0,11.0,48.0,"Grants, NM Micro Area",24380
101.0,33.0,68.0,"Grants Pass, OR Metro Area",24420
147.0,91.0,56.0,"Great Bend, KS Micro Area",24460
357.0,83.0,274.0,"Great Falls, MT Metro Area",24500
891.0,279.0,612.0,"Greeley, CO Metro Area",24540
1834.0,187.0,1647.0,"Green Bay, WI Metro Area",24580
512.0,217.0,295.0,"Greeneville, TN Micro Area",24620
247.0,68.0,179.0,"Greenfield Town, MA Micro Area",24640
76467.0,31084.0,45383.0,"Greensboro-High Point, NC Metro Area",24660
55.0,0.0,55.0,"Greensburg, IN Micro Area",24700
12540.0,5939.0,6601.0,"Greenville, MS Micro Area",24740
23411.0,8020.0,15391.0,"Greenville, NC Metro Area",24780
138.0,24.0,114.0,"Greenville, OH Micro Area",24820
3252.0,1710.0,1542.0,"Grenada, MS Micro Area",24980
54951.0,24263.0,30688.0,"Greenville-Anderson-Mauldin, SC Metro Area",24860
8139.0,3455.0,4684.0,"Greenwood, MS Micro Area",24900
11035.0,5089.0,5946.0,"Greenwood, SC Micro Area",24940
13.0,0.0,13.0,"Hood River, OR Micro Area",26220
1105.0,462.0,643.0,"Hobbs, NM Micro Area",26020
540.0,177.0,363.0,"Holland, MI Micro Area",26090
1404.0,915.0,489.0,"Homosassa Springs, FL Metro Area",26140
3578.0,1999.0,1579.0,"Hope, AR Micro Area",26260
3260.0,1198.0,2062.0,"Hot Springs, AR Metro Area",26300
59.0,11.0,48.0,"Houghton, MI Micro Area",26340
12004.0,6175.0,5829.0,"Houma-Thibodaux, LA Metro Area",26380
412826.0,174981.0,237845.0,"Houston-The Woodlands-Sugar Land, TX Metro Area",26420
901.0,210.0,691.0,"Hudson, NY Micro Area",26460
97.0,17.0,80.0,"Huntingdon, PA Micro Area",26500
69.0,7.0,62.0,"Huntington, IN Micro Area",26540
3216.0,988.0,2228.0,"Huntington-Ashland, WV-KY-OH Metro Area",26580
37382.0,18088.0,19294.0,"Huntsville, AL Metro Area",26620
4968.0,1899.0,3069.0,"Huntsville, TX Micro Area",26660
6.0,6.0,0.0,"Huron, SD Micro Area",26700
440.0,253.0,187.0,"Hutchinson, KS Micro Area",26740
19.0,19.0,0.0,"Hutchinson, MN Micro Area",26780
196.0,24.0,172.0,"Idaho Falls, ID Metro Area",26820
329.0,89.0,240.0,"Indiana, PA Micro Area",26860
112034.0,40579.0,71455.0,"Indianapolis-Carmel-Anderson, IN Metro Area",26900
6007.0,2858.0,3149.0,"Indianola, MS Micro Area",26940
334.0,107.0,227.0,"Ionia, MI Micro Area",26960
2985.0,484.0,2501.0,"Iowa City, IA Metro Area",26980
97661.0,52601.0,45060.0,"Jackson, MS Metro Area",27140
18.0,12.0,6.0,"Iron Mountain, MI-WI Micro Area",27020
1175.0,351.0,824.0,"Ithaca, NY Metro Area",27060
3909.0,1382.0,2527.0,"Jackson, MI Metro Area",27100
177.0,50.0,127.0,"Jackson, OH Micro Area",27160
14829.0,6758.0,8071.0,"Jackson, TN Metro Area",27180
57.0,0.0,57.0,"Jackson, WY-ID Micro Area",27220
110026.0,49540.0,60486.0,"Jacksonville, FL Metro Area",27260
493.0,203.0,290.0,"Jacksonville, IL Micro Area",27300
65.0,65.0,0.0,"Jasper, IN Micro Area",27540
9424.0,4199.0,5225.0,"Jacksonville, NC Metro Area",27340
2378.0,1111.0,1267.0,"Jacksonville, TX Micro Area",27380
98.0,0.0,98.0,"Jamestown, ND Micro Area",27420
901.0,360.0,541.0,"Jamestown-Dunkirk-Fredonia, NY Micro Area",27460
2884.0,938.0,1946.0,"Janesville-Beloit, WI Metro Area",27500
38.0,18.0,20.0,"Jayuya, PR Micro Area",27580
1516.0,929.0,587.0,"Jefferson, GA Micro Area",27600
3302.0,897.0,2405.0,"Jefferson City, MO Metro Area",27620
1858.0,902.0,956.0,"Jennings, LA Micro Area",27660
1815.0,658.0,1157.0,"Jesup, GA Micro Area",27700
2114.0,678.0,1436.0,"Johnson City, TN Metro Area",27740
1480.0,353.0,1127.0,"Johnstown, PA Metro Area",27780
5475.0,1088.0,4387.0,"Jonesboro, AR Metro Area",27860
880.0,189.0,691.0,"Joplin, MO Metro Area",27900
2361.0,619.0,1742.0,"Junction City, KS Micro Area",27920
122.0,49.0,73.0,"Juneau, AK Micro Area",27940
433.0,95.0,338.0,"Kahului-Wailuku-Lahaina, HI Metro Area",27980
102231.0,38945.0,63286.0,"Kansas City, MO-KS Metro Area",28140
11416.0,4046.0,7370.0,"Kalamazoo-Portage, MI Metro Area",28020
115.0,101.0,14.0,"Kalispell, MT Micro Area",28060
5716.0,1891.0,3825.0,"Kankakee, IL Metro Area",28100
151.0,24.0,127.0,"Kapaa, HI Micro Area",28180
260.0,0.0,260.0,"Kearney, NE Micro Area",28260
118.0,5.0,113.0,"Keene, NH Micro Area",28300
16.0,0.0,16.0,"Kendallville, IN Micro Area",28340
1144.0,286.0,858.0,"Kennett, MO Micro Area",28380
1481.0,599.0,882.0,"Kennewick-Richland, WA Metro Area",28420
278.0,80.0,198.0,"Kerrville, TX Micro Area",28500
33.0,12.0,21.0,"Ketchikan, AK Micro Area",28540
1629.0,428.0,1201.0,"Key West, FL Micro Area",28580
720.0,490.0,230.0,"Kill Devil Hills, NC Micro Area",28620
29767.0,12936.0,16831.0,"Killeen-Temple, TX Metro Area",28660
2051.0,781.0,1270.0,"Kingsport-Bristol-Bristol, TN-VA Metro Area",28700
2852.0,1072.0,1780.0,"Kingston, NY Metro Area",28740
415.0,138.0,277.0,"Kingsville, TX Micro Area",28780
9176.0,3829.0,5347.0,"Kinston, NC Micro Area",28820
229.0,15.0,214.0,"Kirksville, MO Micro Area",28860
131.0,32.0,99.0,"Klamath Falls, OR Micro Area",28900
20295.0,7477.0,12818.0,"Knoxville, TN Metro Area",28940
40432.0,20471.0,19961.0,"Lafayette, LA Metro Area",29180
2335.0,749.0,1586.0,"Kokomo, IN Metro Area",29020
101.0,23.0,78.0,"Laconia, NH Micro Area",29060
336.0,34.0,302.0,"La Crosse-Onalaska, WI-MN Metro Area",29100
3268.0,520.0,2748.0,"Lafayette-West Lafayette, IN Metro Area",29200
54.0,18.0,36.0,"La Grande, OR Micro Area",29260
8312.0,2922.0,5390.0,"LaGrange, GA Micro Area",29300
18401.0,8739.0,9662.0,"Lake Charles, LA Metro Area",29340
3698.0,2185.0,1513.0,"Lake City, FL Micro Area",29380
669.0,188.0,481.0,"Lake Havasu City-Kingman, AZ Metro Area",29420
29538.0,14350.0,15188.0,"Lakeland-Winter Haven, FL Metro Area",29460
72.0,38.0,34.0,"Lamesa, TX Micro Area",29500
7021.0,2110.0,4911.0,"Lancaster, PA Metro Area",29540
15343.0,5152.0,10191.0,"Lansing-East Lansing, MI Metro Area",29620
237.0,36.0,201.0,"Laramie, WY Micro Area",29660
321.0,82.0,239.0,"Laredo, TX Metro Area",29700
1479.0,719.0,760.0,"Las Cruces, NM Metro Area",29740
38.0,31.0,7.0,"Las Vegas, NM Micro Area",29780
86321.0,25077.0,61244.0,"Las Vegas-Henderson-Paradise, NV Metro Area",29820
10304.0,6482.0,3822.0,"Laurel, MS Micro Area",29860
5117.0,2466.0,2651.0,"Laurinburg, NC Micro Area",29900
1866.0,401.0,1465.0,"Lawrence, KS Metro Area",29940
241.0,88.0,153.0,"Lawrenceburg, TN Micro Area",29980
289.0,101.0,188.0,"Levelland, TX Micro Area",30220
7393.0,2579.0,4814.0,"Lawton, OK Metro Area",30020
16.0,0.0,16.0,"Lebanon, MO Micro Area",30060
1053.0,307.0,746.0,"Lebanon, PA Metro Area",30140
96.0,44.0,52.0,"Lewisburg, PA Micro Area",30260
807.0,463.0,344.0,"Lewisburg, TN Micro Area",30280
32.0,19.0,13.0,"Lewiston, ID-WA Metro Area",30300
487.0,68.0,419.0,"Lewiston-Auburn, ME Metro Area",30340
39.0,39.0,0.0,"Lewistown, PA Micro Area",30380
508.0,34.0,474.0,"Lexington, NE Micro Area",30420
21509.0,7245.0,14264.0,"Lexington-Fayette, KY Metro Area",30460
355.0,134.0,221.0,"Liberal, KS Micro Area",30580
4561.0,1623.0,2938.0,"Lima, OH Metro Area",30620
36.0,16.0,20.0,"Lincoln, IL Micro Area",30660
4153.0,800.0,3353.0,"Lincoln, NE Metro Area",30700
62467.0,25932.0,36535.0,"Little Rock-North Little Rock-Conway, AR Metro Area",30780
97.0,38.0,59.0,"Lock Haven, PA Micro Area",30820
323.0,84.0,239.0,"Logan, UT-ID Metro Area",30860
280.0,198.0,82.0,"Logan, WV Micro Area",30880
37.0,23.0,14.0,"Logansport, IN Micro Area",30900
285.0,156.0,129.0,"London, KY Micro Area",30940
13653.0,5832.0,7821.0,"Longview, TX Metro Area",30980
214.0,124.0,90.0,"Marietta, OH Micro Area",31930
144.0,25.0,119.0,"Manitowoc, WI Micro Area",31820
1026.0,144.0,882.0,"Mankato-North Mankato, MN Metro Area",31860
2914.0,1243.0,1671.0,"Mansfield, OH Metro Area",31900
78.0,33.0,45.0,"Marinette, WI-MI Micro Area",31940
1937.0,704.0,1233.0,"Marion, IN Micro Area",31980
250.0,55.0,195.0,"Longview, WA Metro Area",31020
33.0,9.0,24.0,"Los Alamos, NM Micro Area",31060
337950.0,113493.0,224457.0,"Los Angeles-Long Beach-Anaheim, CA Metro Area",31080
70984.0,26355.0,44629.0,"Louisville/Jefferson County, KY-IN Metro Area",31140
7532.0,2922.0,4610.0,"Lubbock, TX Metro Area",31180
23.0,17.0,6.0,"Ludington, MI Micro Area",31220
4609.0,1611.0,2998.0,"Lufkin, TX Micro Area",31260
11194.0,5600.0,5594.0,"Lumberton, NC Micro Area",31300
16787.0,8132.0,8655.0,"Lynchburg, VA Metro Area",31340
252.0,74.0,178.0,"Macomb, IL Micro Area",31380
36035.0,15921.0,20114.0,"Macon-Bibb County, GA Metro Area",31420
1653.0,596.0,1057.0,"Madera, CA Metro Area",31460
172.0,60.0,112.0,"Madison, IN Micro Area",31500
9122.0,1513.0,7609.0,"Madison, WI Metro Area",31540
1321.0,584.0,737.0,"Madisonville, KY Micro Area",31580
3330.0,1672.0,1658.0,"Magnolia, AR Micro Area",31620
145.0,65.0,80.0,"Malone, NY Micro Area",31660
1261.0,628.0,633.0,"Malvern, AR Micro Area",31680
3492.0,1308.0,2184.0,"Manchester-Nashua, NH Metro Area",31700
1807.0,222.0,1585.0,"Manhattan, KS Metro Area",31740
361.0,74.0,287.0,"Middlesborough, KY Micro Area",33180
397.0,112.0,285.0,"Midland, MI Metro Area",33220
373749.0,166036.0,207713.0,"Miami-Fort Lauderdale-West Palm Beach, FL Metro Area",33100
3871.0,1369.0,2502.0,"Michigan City-La Porte, IN Metro Area",33140
3527.0,1437.0,2090.0,"Midland, TX Metro Area",33260
8296.0,4358.0,3938.0,"Milledgeville, GA Micro Area",33300
96991.0,26974.0,70017.0,"Milwaukee-Waukesha-West Allis, WI Metro Area",33340
236.0,90.0,146.0,"Mineral Wells, TX Micro Area",33420
92726.0,23550.0,69176.0,"Minneapolis-St. Paul-Bloomington, MN-WI Metro Area",33460
765.0,141.0,624.0,"Minot, ND Micro Area",33500
166.0,62.0,104.0,"Missoula, MT Metro Area",33540
4854.0,1441.0,3413.0,"Modesto, CA Metro Area",33700
58.0,0.0,58.0,"Mitchell, SD Micro Area",33580
292.0,73.0,219.0,"Moberly, MO Micro Area",33620
52076.0,26128.0,25948.0,"Mobile, AL Metro Area",33660
21602.0,8135.0,13467.0,"Monroe, LA Metro Area",33740
1202.0,648.0,554.0,"Monroe, MI Metro Area",33780
62186.0,30851.0,31335.0,"Montgomery, AL Metro Area",33860
49.0,25.0,24.0,"Montrose, CO Micro Area",33940
1598.0,887.0,711.0,"Morehead City, NC Micro Area",33980
591.0,178.0,413.0,"Mexico, MO Micro Area",33020
27.0,7.0,20.0,"Miami, OK Micro Area",33060
236.0,45.0,191.0,"Marshall, MN Micro Area",32140
644.0,374.0,270.0,"Marion, NC Micro Area",32000
569.0,201.0,368.0,"Marion, OH Micro Area",32020
73.0,0.0,73.0,"Marquette, MI Micro Area",32100
380.0,107.0,273.0,"Marshall, MO Micro Area",32180
5441.0,3218.0,2223.0,"Marshall, TX Micro Area",32220
195.0,19.0,176.0,"Marshalltown, IA Micro Area",32260
1023.0,334.0,689.0,"Martin, TN Micro Area",32280
7421.0,3857.0,3564.0,"Martinsville, VA Micro Area",32300
157.0,0.0,157.0,"Maryville, MO Micro Area",32340
268.0,25.0,243.0,"Mason City, IA Micro Area",32380
1519.0,1014.0,505.0,"Mayagüez, PR Metro Area",32420
606.0,234.0,372.0,"Mayfield, KY Micro Area",32460
330.0,178.0,152.0,"Maysville, KY Micro Area",32500
422.0,246.0,176.0,"McAlester, OK Micro Area",32540
964.0,355.0,609.0,"McAllen-Edinburg-Mission, TX Metro Area",32580
9967.0,6154.0,3813.0,"McComb, MS Micro Area",32620
205.0,122.0,83.0,"McMinnville, TN Micro Area",32660
140.0,41.0,99.0,"McPherson, KS Micro Area",32700
327.0,103.0,224.0,"Meadville, PA Micro Area",32740
294.0,109.0,185.0,"Medford, OR Metro Area",32780
225140.0,103959.0,121181.0,"Memphis, TN-MS-AR Metro Area",32820
36.0,5.0,31.0,"Menomonie, WI Micro Area",32860
2991.0,922.0,2069.0,"Merced, CA Metro Area",32900
16782.0,9333.0,7449.0,"Meridian, MS Micro Area",32940
7.0,7.0,0.0,"Merrill, WI Micro Area",32980
102840.0,44039.0,58801.0,"Nashville-Davidson--Murfreesboro--Franklin, TN Metro Area",34980
4497.0,1326.0,3171.0,"Nacogdoches, TX Micro Area",34860
708.0,414.0,294.0,"Napa, CA Metro Area",34900
6438.0,2461.0,3977.0,"Naples-Immokalee-Marco Island, FL Metro Area",34940
74.0,0.0,74.0,"Moscow, ID Micro Area",34140
5683.0,3225.0,2458.0,"Morgan City, LA Micro Area",34020
1388.0,297.0,1091.0,"Morgantown, WV Metro Area",34060
1456.0,776.0,680.0,"Morristown, TN Metro Area",34100
255.0,20.0,235.0,"Moses Lake, WA Micro Area",34180
3304.0,1370.0,1934.0,"Moultrie, GA Micro Area",34220
5.0,5.0,0.0,"Mountain Home, AR Micro Area",34260
289.0,71.0,218.0,"Mountain Home, ID Micro Area",34300
1100.0,609.0,491.0,"Mount Airy, NC Micro Area",34340
395.0,95.0,300.0,"Mount Pleasant, MI Micro Area",34380
1161.0,493.0,668.0,"Mount Pleasant, TX Micro Area",34420
375.0,192.0,183.0,"Mount Sterling, KY Micro Area",34460
839.0,315.0,524.0,"Mount Vernon, IL Micro Area",34500
205.0,93.0,112.0,"Mount Vernon, OH Micro Area",34540
292.0,24.0,268.0,"Mount Vernon-Anacortes, WA Metro Area",34580
3208.0,1140.0,2068.0,"Muncie, IN Metro Area",34620
594.0,121.0,473.0,"Murray, KY Micro Area",34660
304.0,27.0,277.0,"Muscatine, IA Micro Area",34700
8104.0,3385.0,4719.0,"Muskegon, MI Metro Area",34740
2763.0,1442.0,1321.0,"Muskogee, OK Micro Area",34780
19621.0,10692.0,8929.0,"Myrtle Beach-Conway-North Myrtle Beach, SC-NC Metro Area",34820
4443.0,2628.0,1815.0,"Newberry, SC Micro Area",35140
9209.0,4800.0,4409.0,"Natchez, MS-LA Micro Area",35020
5902.0,1714.0,4188.0,"Natchitoches, LA Micro Area",35060
11096.0,5752.0,5344.0,"New Bern, NC Metro Area",35100
159308.0,73981.0,85327.0,"New Orleans-Metairie, LA Metro Area",35380
155.0,65.0,90.0,"New Castle, IN Micro Area",35220
1236.0,430.0,806.0,"New Castle, PA Micro Area",35260
40910.0,14882.0,26028.0,"New Haven-Milford, CT Metro Area",35300
297.0,160.0,137.0,"New Philadelphia-Dover, OH Micro Area",35420
54.0,36.0,18.0,"Newport, OR Micro Area",35440
330.0,138.0,192.0,"Newport, TN Micro Area",35460
190.0,49.0,141.0,"Newton, IA Micro Area",35500
80.0,19.0,61.0,"Nogales, AZ Micro Area",35700
30.0,22.0,8.0,"New Ulm, MN Micro Area",35580
1200411.0,388499.0,811912.0,"New York-Newark-Jersey City, NY-NJ-PA Metro Area",35620
8622.0,3074.0,5548.0,"Niles-Benton Harbor, MI Metro Area",35660
166.0,40.0,126.0,"Norfolk, NE Micro Area",35740
196.0,24.0,172.0,"North Platte, NE Micro Area",35820
14596.0,6043.0,8553.0,"North Port-Sarasota-Bradenton, FL Metro Area",35840
108.0,24.0,84.0,"North Vernon, IN Micro Area",35860
1137.0,616.0,521.0,"North Wilkesboro, NC Micro Area",35900
294.0,98.0,196.0,"Norwalk, OH Micro Area",35940
5202.0,1697.0,3505.0,"Norwich-New London, CT Metro Area",35980
2430.0,1146.0,1284.0,"Odessa, TX Metro Area",36220
844.0,219.0,625.0,"Oak Harbor, WA Micro Area",36020
14026.0,7804.0,6222.0,"Ocala, FL Metro Area",36100
1346.0,759.0,587.0,"Ocean City, NJ Metro Area",36140
2119.0,962.0,1157.0,"Ogden-Clearfield, UT Metro Area",36260
94.0,32.0,62.0,"Ogdensburg-Massena, NY Micro Area",36300
60.0,28.0,32.0,"Oil City, PA Micro Area",36340
692.0,398.0,294.0,"Okeechobee, FL Micro Area",36380
53345.0,19631.0,33714.0,"Oklahoma City, OK Metro Area",36420
276.0,113.0,163.0,"Olean, NY Micro Area",36460
2959.0,1375.0,1584.0,"Olympia-Tumwater, WA Metro Area",36500
27086.0,9105.0,17981.0,"Omaha-Council Bluffs, NE-IA Metro Area",36540
296.0,74.0,222.0,"Oneonta, NY Micro Area",36580
44.0,16.0,28.0,"Ontario, OR-ID Micro Area",36620
11829.0,6406.0,5423.0,"Opelousas, LA Micro Area",36660
19404.0,11511.0,7893.0,"Orangeburg, SC Micro Area",36700
123971.0,53596.0,70375.0,"Orlando-Kissimmee-Sanford, FL Metro Area",36740
811.0,142.0,669.0,"Oshkosh-Neenah, WI Metro Area",36780
53.0,0.0,53.0,"Oskaloosa, IA Micro Area",36820
40.0,40.0,0.0,"Othello, WA Micro Area",36830
161.0,76.0,85.0,"Ottawa, KS Micro Area",36840
529.0,126.0,403.0,"Ottawa-Peru, IL Micro Area",36860
435.0,74.0,361.0,"Ottumwa, IA Micro Area",36900
333.0,54.0,279.0,"Owatonna, MN Micro Area",36940
1995.0,786.0,1209.0,"Owensboro, KY Metro Area",36980
4495.0,2131.0,2364.0,"Oxnard-Thousand Oaks-Ventura, CA Metro Area",37100
53.0,5.0,48.0,"Owosso, MI Micro Area",37020
4715.0,2384.0,2331.0,"Oxford, MS Micro Area",37060
6658.0,3836.0,2822.0,"Oxford, NC Micro Area",37080
4180.0,2046.0,2134.0,"Palatka, FL Micro Area",37260
3809.0,1519.0,2290.0,"Ozark, AL Micro Area",37120
3304.0,1075.0,2229.0,"Paducah, KY-IL Micro Area",37140
483.0,185.0,298.0,"Pahrump, NV Micro Area",37220
2230.0,987.0,1243.0,"Palestine, TX Micro Area",37300
20859.0,10427.0,10432.0,"Palm Bay-Melbourne-Titusville, FL Metro Area",37340
181.0,83.0,98.0,"Pampa, TX Micro Area",37420
7685.0,3124.0,4561.0,"Panama City, FL Metro Area",37460
162.0,27.0,135.0,"Paragould, AR Micro Area",37500
1101.0,696.0,405.0,"Paris, TN Micro Area",37540
2424.0,1033.0,1391.0,"Paris, TX Micro Area",37580
386.0,125.0,261.0,"Parkersburg-Vienna, WV Metro Area",37620
361.0,161.0,200.0,"Parsons, KS Micro Area",37660
126.0,3.0,123.0,"Payson, AZ Micro Area",37740
166.0,166.0,0.0,"Pecos, TX Micro Area",37780
37.0,37.0,0.0,"Pella, IA Micro Area",37800
26496.0,12647.0,13849.0,"Pensacola-Ferry Pass-Brent, FL Metro Area",37860
12110.0,3945.0,8165.0,"Peoria, IL Metro Area",37900
514.0,133.0,381.0,"Peru, IN Micro Area",37940
455063.0,221029.0,234034.0,"Philadelphia-Camden-Wilmington, PA-NJ-DE-MD Metro Area",37980
16277.0,8509.0,7768.0,"Pine Bluff, AR Metro Area",38220
82854.0,27082.0,55772.0,"Phoenix-Mesa-Scottsdale, AZ Metro Area",38060
2411.0,1243.0,1168.0,"Picayune, MS Micro Area",38100
35.0,0.0,35.0,"Pierre, SD Micro Area",38180
4358.0,2411.0,1947.0,"Pinehurst-Southern Pines, NC Micro Area",38240
291.0,105.0,186.0,"Pittsburg, KS Micro Area",38260
79126.0,28126.0,51000.0,"Pittsburgh, PA Metro Area",38300
1181.0,327.0,854.0,"Pittsfield, MA Metro Area",38340
288.0,126.0,162.0,"Plainview, TX Micro Area",38380
103.0,1.0,102.0,"Platteville, WI Micro Area",38420
231.0,72.0,159.0,"Plattsburgh, NY Micro Area",38460
18.0,10.0,8.0,"Plymouth, IN Micro Area",38500
137.0,78.0,59.0,"Pocatello, ID Metro Area",38540
211.0,171.0,40.0,"Point Pleasant, WV-OH Micro Area",38580
284.0,109.0,175.0,"Ponca City, OK Micro Area",38620
5669.0,4043.0,1626.0,"Ponce, PR Metro Area",38660
175.0,133.0,42.0,"Pontiac, IL Micro Area",38700
838.0,287.0,551.0,"Poplar Bluff, MO Micro Area",38740
294.0,20.0,274.0,"Portales, NM Micro Area",38780
297.0,9.0,288.0,"Port Angeles, WA Micro Area",38820
88.0,60.0,28.0,"Port Clinton, OH Micro Area",38840
3040.0,499.0,2541.0,"Portland-South Portland, ME Metro Area",38860
507.0,220.0,287.0,"Prescott, AZ Metro Area",39140
23918.0,7845.0,16073.0,"Portland-Vancouver-Hillsboro, OR-WA Metro Area",38900
224.0,137.0,87.0,"Port Lavaca, TX Micro Area",38920
20163.0,10816.0,9347.0,"Port St. Lucie, FL Metro Area",38940
510.0,155.0,355.0,"Portsmouth, OH Micro Area",39020
411.0,98.0,313.0,"Pottsville, PA Micro Area",39060
55.0,30.0,25.0,"Price, UT Micro Area",39220
62.0,22.0,40.0,"Prineville, OR Micro Area",39260
30624.0,9634.0,20990.0,"Providence-Warwick, RI-MA Metro Area",39300
716.0,291.0,425.0,"Provo-Orem, UT Metro Area",39340
959.0,393.0,566.0,"Pueblo, CO Metro Area",39380
308.0,28.0,280.0,"Pullman, WA Micro Area",39420
3355.0,2313.0,1042.0,"Punta Gorda, FL Metro Area",39460
1001.0,384.0,617.0,"Quincy, IL-MO Micro Area",39500
7488.0,2290.0,5198.0,"Racine, WI Metro Area",39540
92195.0,42520.0,49675.0,"Raleigh, NC Metro Area",39580
737.0,171.0,566.0,"Rapid City, SD Metro Area",39660
24.0,0.0,24.0,"Raymondville, TX Micro Area",39700
6427.0,2844.0,3583.0,"Reading, PA Metro Area",39740
71.0,46.0,25.0,"Red Bluff, CA Micro Area",39780
531.0,164.0,367.0,"Redding, CA Metro Area",39820
200.0,0.0,200.0,"Red Wing, MN Micro Area",39860
3568.0,1032.0,2536.0,"Reno, NV Metro Area",39900
67.0,3.0,64.0,"Rexburg, ID Micro Area",39940
1166.0,532.0,634.0,"Richmond, IN Micro Area",39980
104691.0,43898.0,60793.0,"Riverside-San Bernardino-Ontario, CA Metro Area",40140
137494.0,68059.0,69435.0,"Richmond, VA Metro Area",40060
1401.0,526.0,875.0,"Richmond-Berea, KY Micro Area",40080
9.0,9.0,0.0,"Rio Grande City, TX Micro Area",40100
91.0,0.0,91.0,"Riverton, WY Micro Area",40180
15405.0,6814.0,8591.0,"Roanoke, VA Metro Area",40220
15939.0,9212.0,6727.0,"Roanoke Rapids, NC Micro Area",40260
13338.0,4216.0,9122.0,"Rockford, IL Metro Area",40420
163.0,72.0,91.0,"Rochelle, IL Micro Area",40300
2537.0,535.0,2002.0,"Rochester, MN Metro Area",40340
44097.0,14080.0,30017.0,"Rochester, NY Metro Area",40380
5524.0,2786.0,2738.0,"Rockingham, NC Micro Area",40460
192.0,23.0,169.0,"Rock Springs, WY Micro Area",40540
26415.0,12686.0,13729.0,"Rocky Mount, NC Metro Area",40580
390.0,87.0,303.0,"Rolla, MO Micro Area",40620
5073.0,1836.0,3237.0,"Rome, GA Metro Area",40660
118.0,67.0,51.0,"Roseburg, OR Micro Area",40700
393.0,164.0,229.0,"Roswell, NM Micro Area",40740
0.0,0.0,0.0,"Ruidoso, NM Micro Area",40760
821.0,276.0,545.0,"Russellville, AR Micro Area",40780
7180.0,2599.0,4581.0,"Ruston, LA Micro Area",40820
81.0,36.0,45.0,"Rutland, VT Micro Area",40860
58461.0,18457.0,40004.0,"Sacramento--Roseville--Arden-Arcade, CA Metro Area",40900
169.0,27.0,142.0,"Safford, AZ Micro Area",40940
14403.0,7076.0,7327.0,"Saginaw, MI Metro Area",40980
197115.0,79917.0,117198.0,"St. Louis, MO-IL Metro Area",41180
2716.0,222.0,2494.0,"St. Cloud, MN Metro Area",41060
257.0,57.0,200.0,"St. George, UT Metro Area",41100
1677.0,513.0,1164.0,"St. Joseph, MO-KS Metro Area",41140
3667.0,1587.0,2080.0,"St. Marys, GA Micro Area",41220
67.0,6.0,61.0,"St. Marys, PA Micro Area",41260
509.0,141.0,368.0,"Salem, OH Micro Area",41400
1364.0,330.0,1034.0,"Salem, OR Metro Area",41420
652.0,283.0,369.0,"Salina, KS Micro Area",41460
3022.0,851.0,2171.0,"Salinas, CA Metro Area",41500
23806.0,11058.0,12748.0,"Salisbury, MD-DE Metro Area",41540
5403.0,1516.0,3887.0,"Salt Lake City, UT Metro Area",41620
1766.0,559.0,1207.0,"San Angelo, TX Metro Area",41660
57213.0,25178.0,32035.0,"San Antonio-New Braunfels, TX Metro Area",41700
56212.0,16880.0,39332.0,"San Diego-Carlsbad, CA Metro Area",41740
0.0,0.0,0.0,"Sandpoint, ID Micro Area",41760
2615.0,1080.0,1535.0,"Sandusky, OH Micro Area",41780
4307.0,2077.0,2230.0,"Sanford, NC Micro Area",41820
134805.0,44066.0,90739.0,"San Francisco-Oakland-Hayward, CA Metro Area",41860
911.0,654.0,257.0,"San Germán, PR Metro Area",41900
16918.0,5477.0,11441.0,"San Jose-Sunnyvale-Santa Clara, CA Metro Area",41940
97178.0,64091.0,33087.0,"San Juan-Carolina-Caguas, PR Metro Area",41980
2389.0,866.0,1523.0,"Santa Rosa, CA Metro Area",42220
1297.0,383.0,914.0,"San Luis Obispo-Paso Robles-Arroyo Grande, CA Metro Area",42020
751.0,365.0,386.0,"Santa Cruz-Watsonville, CA Metro Area",42100
433.0,243.0,190.0,"Santa Fe, NM Metro Area",42140
2450.0,1771.0,679.0,"Santa Isabel, PR Micro Area",42180
2571.0,837.0,1734.0,"Santa Maria-Santa Barbara, CA Metro Area",42200
150.0,27.0,123.0,"Sault Ste. Marie, MI Micro Area",42300
43009.0,19167.0,23842.0,"Savannah, GA Metro Area",42340
16.0,11.0,5.0,"Sayre, PA Micro Area",42380
62.0,4.0,58.0,"Scottsbluff, NE Micro Area",42420
585.0,312.0,273.0,"Scottsboro, AL Micro Area",42460
3832.0,1810.0,2022.0,"Sebastian-Vero Beach, FL Metro Area",42680
5130.0,838.0,4292.0,"Scranton--Wilkes-Barre--Hazleton, PA Metro Area",42540
872.0,301.0,571.0,"Searcy, AR Micro Area",42620
78568.0,24077.0,54491.0,"Seattle-Tacoma-Bellevue, WA Metro Area",42660
3165.0,1639.0,1526.0,"Sebring, FL Metro Area",42700
400.0,115.0,285.0,"Sedalia, MO Micro Area",42740
32.0,7.0,25.0,"Selinsgrove, PA Micro Area",42780
11168.0,5405.0,5763.0,"Selma, AL Micro Area",42820
2133.0,1098.0,1035.0,"Seneca, SC Micro Area",42860
120.0,40.0,80.0,"Seneca Falls, NY Micro Area",42900
163.0,43.0,120.0,"Sevierville, TN Micro Area",42940
50.0,11.0,39.0,"Seymour, IN Micro Area",42980
7705.0,3125.0,4580.0,"Shelby, NC Micro Area",43140
19.0,9.0,10.0,"Shawano, WI Micro Area",43020
651.0,221.0,430.0,"Shawnee, OK Micro Area",43060
623.0,140.0,483.0,"Sheboygan, WI Metro Area",43100
1169.0,532.0,637.0,"Shelbyville, TN Micro Area",43180
288.0,209.0,79.0,"Shelton, WA Micro Area",43220
70.0,0.0,70.0,"Sheridan, WY Micro Area",43260
2598.0,1013.0,1585.0,"Sherman-Denison, TX Metro Area",43300
194.0,147.0,47.0,"Show Low, AZ Micro Area",43320
63483.0,28736.0,34747.0,"Shreveport-Bossier City, LA Metro Area",43340
309.0,0.0,309.0,"Sidney, OH Micro Area",43380
1447.0,705.0,742.0,"Sierra Vista-Douglas, AZ Metro Area",43420
1700.0,648.0,1052.0,"Sikeston, MO Micro Area",43460
106.0,59.0,47.0,"Silver City, NM Micro Area",43500
1629.0,217.0,1412.0,"Sioux City, IA-NE-SD Metro Area",43580
3092.0,553.0,2539.0,"Sioux Falls, SD Metro Area",43620
215.0,129.0,86.0,"Snyder, TX Micro Area",43660
277.0,182.0,95.0,"Somerset, KY Micro Area",43700
88.0,56.0,32.0,"Somerset, PA Micro Area",43740
96.0,42.0,54.0,"Sonora, CA Micro Area",43760
13519.0,5000.0,8519.0,"South Bend-Mishawaka, IN-MI Metro Area",43780
26869.0,12952.0,13917.0,"Spartanburg, SC Metro Area",43900
23.0,0.0,23.0,"Spearfish, SD Micro Area",43940
0.0,0.0,0.0,"Spencer, IA Micro Area",43980
15578.0,5879.0,9699.0,"Springfield, MA Metro Area",44140
50.0,5.0,45.0,"Spirit Lake, IA Micro Area",44020
2973.0,836.0,2137.0,"Spokane-Spokane Valley, WA Metro Area",44060
9669.0,3051.0,6618.0,"Springfield, IL Metro Area",44100
3287.0,659.0,2628.0,"Springfield, MO Metro Area",44180
4786.0,1984.0,2802.0,"Springfield, OH Metro Area",44220
6136.0,3117.0,3019.0,"Starkville, MS Micro Area",44260
1215.0,283.0,932.0,"State College, PA Metro Area",44300
7013.0,2422.0,4591.0,"Statesboro, GA Micro Area",44340
66.0,65.0,1.0,"Sterling, CO Micro Area",44540
2726.0,1227.0,1499.0,"Staunton-Waynesboro, VA Metro Area",44420
51.0,2.0,49.0,"Steamboat Springs, CO Micro Area",44460
125.0,8.0,117.0,"Stephenville, TX Micro Area",44500
204.0,44.0,160.0,"Sterling, IL Micro Area",44580
105.0,8.0,97.0,"Stevens Point, WI Micro Area",44620
1060.0,136.0,924.0,"Stillwater, OK Micro Area",44660
17477.0,5676.0,11801.0,"Stockton-Lodi, CA Metro Area",44700
261.0,6.0,255.0,"Storm Lake, IA Micro Area",44740
602.0,226.0,376.0,"Sturgis, MI Micro Area",44780
981.0,428.0,553.0,"Sulphur Springs, TX Micro Area",44860
597.0,287.0,310.0,"Summerville, GA Micro Area",44900
85.0,19.0,66.0,"Summit Park, UT Micro Area",44920
18927.0,10806.0,8121.0,"Sumter, SC Metro Area",44940
281.0,39.0,242.0,"Sunbury, PA Micro Area",44980
225.0,39.0,186.0,"Tahlequah, OK Micro Area",45140
152.0,22.0,130.0,"Susanville, CA Micro Area",45000
280.0,142.0,138.0,"Sweetwater, TX Micro Area",45020
18920.0,5222.0,13698.0,"Syracuse, NY Metro Area",45060
11115.0,6805.0,4310.0,"Talladega-Sylacauga, AL Micro Area",45180
44481.0,19152.0,25329.0,"Tallahassee, FL Metro Area",45220
128148.0,48935.0,79213.0,"Tampa-St. Petersburg-Clearwater, FL Metro Area",45300
10.0,7.0,3.0,"Taos, NM Micro Area",45340
32.0,13.0,19.0,"Taylorville, IL Micro Area",45380
2050.0,672.0,1378.0,"Terre Haute, IN Metro Area",45460
12985.0,5448.0,7537.0,"Texarkana, TX-AR Metro Area",45500
22.0,22.0,0.0,"The Dalles, OR Micro Area",45520
1701.0,1123.0,578.0,"The Villages, FL Metro Area",45540
2782.0,1405.0,1377.0,"Thomaston, GA Micro Area",45580
5889.0,2957.0,2932.0,"Thomasville, GA Micro Area",45620
441.0,255.0,186.0,"Tiffin, OH Micro Area",45660
4383.0,1580.0,2803.0,"Tifton, GA Micro Area",45700
953.0,504.0,449.0,"Toccoa, GA Micro Area",45740
35906.0,12040.0,23866.0,"Toledo, OH Metro Area",45780
6218.0,2168.0,4050.0,"Topeka, KS Metro Area",45820
943.0,562.0,381.0,"Torrington, CT Micro Area",45860
211.0,27.0,184.0,"Traverse City, MI Micro Area",45900
26086.0,10744.0,15342.0,"Trenton, NJ Metro Area",45940
4540.0,1918.0,2622.0,"Troy, AL Micro Area",45980
30882.0,11646.0,19236.0,"Tulsa, OK Metro Area",46140
141.0,75.0,66.0,"Truckee-Grass Valley, CA Micro Area",46020
12872.0,4312.0,8560.0,"Tucson, AZ Metro Area",46060
1320.0,769.0,551.0,"Tullahoma-Manchester, TN Micro Area",46100
11148.0,5246.0,5902.0,"Tupelo, MS Micro Area",46180
27693.0,13962.0,13731.0,"Tuscaloosa, AL Metro Area",46220
151.0,5.0,146.0,"Twin Falls, ID Micro Area",46300
12997.0,6123.0,6874.0,"Tyler, TX Metro Area",46340
175.0,43.0,132.0,"Ukiah, CA Micro Area",46380
1996.0,719.0,1277.0,"Union City, TN-KY Micro Area",46460
147.0,77.0,70.0,"Urbana, OH Micro Area",46500
8260.0,1579.0,6681.0,"Urban Honolulu, HI Metro Area",46520
4381.0,949.0,3432.0,"Utica-Rome, NY Metro Area",46540
13.0,13.0,0.0,"Uvalde, TX Micro Area",46620
16926.0,7275.0,9651.0,"Valdosta, GA Metro Area",46660
21908.0,9447.0,12461.0,"Vallejo-Fairfield, CA Metro Area",46700
5280.0,2968.0,2312.0,"Valley, AL Micro Area",46740
98.0,29.0,69.0,"Van Wert, OH Micro Area",46780
30.0,30.0,0.0,"Vermillion, SD Micro Area",46820
14.0,0.0,14.0,"Vernal, UT Micro Area",46860
422.0,184.0,238.0,"Vernon, TX Micro Area",46900
11450.0,6008.0,5442.0,"Vicksburg, MS Micro Area",46980
8215.0,3743.0,4472.0,"Vineland-Bridgeton, NJ Metro Area",47220
2064.0,1096.0,968.0,"Victoria, TX Metro Area",47020
3464.0,1361.0,2103.0,"Vidalia, GA Micro Area",47080
299.0,74.0,225.0,"Vincennes, IN Micro Area",47180
279.0,184.0,95.0,"Vineyard Haven, MA Micro Area",47240
191936.0,84437.0,107499.0,"Virginia Beach-Norfolk-Newport News, VA-NC Metro Area",47260
38.0,27.0,11.0,"Wahpeton, ND-MN Micro Area",47420
2148.0,591.0,1557.0,"Visalia-Porterville, CA Metro Area",47300
46.0,27.0,19.0,"Wabash, IN Micro Area",47340
14645.0,4926.0,9719.0,"Waco, TX Metro Area",47380
145.0,80.0,65.0,"Walla Walla, WA Metro Area",47460
46.0,9.0,37.0,"Wapakoneta, OH Micro Area",47540
22579.0,10477.0,12102.0,"Warner Robins, GA Metro Area",47580
49.0,16.0,33.0,"Warren, PA Micro Area",47620
841.0,187.0,654.0,"Warrensburg, MO Micro Area",47660
102.0,39.0,63.0,"Warsaw, IN Micro Area",47700
168.0,17.0,151.0,"Washington, IN Micro Area",47780
4673.0,2360.0,2313.0,"Washington, NC Micro Area",47820
558576.0,281943.0,276633.0,"Washington-Arlington-Alexandria, DC-VA-MD-WV Metro Area",47900
261.0,134.0,127.0,"Washington Court House, OH Micro Area",47920
4523.0,1555.0,2968.0,"Waterloo-Cedar Falls, IA Metro Area",47940
67.0,14.0,53.0,"Watertown, SD Micro Area",47980
192.0,33.0,159.0,"Wausau, WI Metro Area",48140
150.0,22.0,128.0,"Watertown-Fort Atkinson, WI Micro Area",48020
2140.0,260.0,1880.0,"Watertown-Fort Drum, NY Metro Area",48060
403.0,148.0,255.0,"Wauchula, FL Micro Area",48100
4325.0,1852.0,2473.0,"Waycross, GA Micro Area",48180
262.0,105.0,157.0,"Weatherford, OK Micro Area",48220
2081.0,768.0,1313.0,"Weirton-Steubenville, WV-OH Metro Area",48260
118.0,71.0,47.0,"Wenatchee, WA Metro Area",48300
41.0,0.0,41.0,"West Plains, MO Micro Area",48460
4388.0,2847.0,1541.0,"West Point, MS Micro Area",48500
4377.0,1348.0,3029.0,"Wichita Falls, TX Metro Area",48660
1342.0,470.0,872.0,"Wheeling, WV-OH Metro Area",48540
332.0,90.0,242.0,"Whitewater-Elkhorn, WI Micro Area",48580
18719.0,6618.0,12101.0,"Wichita, KS Metro Area",48620
1539.0,419.0,1120.0,"Williamsport, PA Metro Area",48700
426.0,95.0,331.0,"Williston, ND Micro Area",48780
542.0,34.0,508.0,"Willmar, MN Micro Area",48820
15172.0,6353.0,8819.0,"Wilmington, NC Metro Area",48900
351.0,136.0,215.0,"Wilmington, OH Micro Area",48940
12856.0,5203.0,7653.0,"Wilson, NC Micro Area",48980
45502.0,19143.0,26359.0,"Winston-Salem, NC Metro Area",49180
2172.0,1118.0,1054.0,"Winchester, VA-WV Metro Area",49020
48.0,7.0,41.0,"Winnemucca, NV Micro Area",49080
177.0,20.0,157.0,"Winona, MN Micro Area",49100
119.0,52.0,67.0,"Wisconsin Rapids-Marshfield, WI Micro Area",49220
19.0,19.0,0.0,"Woodward, OK Micro Area",49260
436.0,233.0,203.0,"Wooster, OH Micro Area",49300
13285.0,4271.0,9014.0,"Worcester, MA-CT Metro Area",49340
358.0,65.0,293.0,"Worthington, MN Micro Area",49380
574.0,237.0,337.0,"Yakima, WA Metro Area",49420
89.0,0.0,89.0,"Yankton, SD Micro Area",49460
8410.0,3235.0,5175.0,"York-Hanover, PA Metro Area",49620
23910.0,9731.0,14179.0,"Youngstown-Warren-Boardman, OH-PA Metro Area",49660
1452.0,764.0,688.0,"Yuba City, CA Metro Area",49700
1412.0,513.0,899.0,"Yuma, AZ Metro Area",49740
1116.0,546.0,570.0,"Zanesville, OH Micro Area",49780
20.0,20.0,0.0,"Zapata, TX Micro Area",49820
