B25077_001E,name,metropolitan statistical area/micropolitan statistical area
151400.0,"Aberdeen, SD Micro Area",10100
161800.0,"Aberdeen, WA Micro Area",10140
102000.0,"Abilene, TX Metro Area",10180
120300.0,"Ada, OK Micro Area",10220
81700.0,"Adjuntas, PR Micro Area",10260
124900.0,"Adrian, MI Micro Area",10300
99100.0,"Aguadilla-Isabela, PR Metro Area",10380
140800.0,"Akron, OH Metro Area",10420
106300.0,"Alamogordo, NM Micro Area",10460
111700.0,"Albany, GA Metro Area",10500
184900.0,"Albany, OR Metro Area",10540
203300.0,"Albany-Schenectady-Troy, NY Metro Area",10580
133000.0,"Albemarle, NC Micro Area",10620
105100.0,"Albert Lea, MN Micro Area",10660
118500.0,"Albertville, AL Micro Area",10700
181300.0,"Albuquerque, NM Metro Area",10740
107000.0,"Alexander City, AL Micro Area",10760
128700.0,"Alexandria, LA Metro Area",10780
197200.0,"Alexandria, MN Micro Area",10820
73800.0,"Alice, TX Micro Area",10860
202800.0,"Allentown-Bethlehem-Easton, PA-NJ Metro Area",10900
92100.0,"Alma, MI Micro Area",10940
94000.0,"Alpena, MI Micro Area",10980
117300.0,"Altoona, PA Metro Area",11020
97800.0,"Altus, OK Micro Area",11060
129900.0,"Amarillo, TX Metro Area",11100
84700.0,"Americus, GA Micro Area",11140
172900.0,"Ames, IA Metro Area",11180
99900.0,"Amsterdam, NY Micro Area",11220
284300.0,"Anchorage, AK Metro Area",11260
126000.0,"Andrews, TX Micro Area",11380
136300.0,"Angola, IN Micro Area",11420
231500.0,"Ann Arbor, MI Metro Area",11460
110100.0,"Anniston-Oxford-Jacksonville, AL Metro Area",11500
161800.0,"Appleton, WI Metro Area",11540
83700.0,"Arcadia, FL Micro Area",11580
109000.0,"Ardmore, OK Micro Area",11620
99700.0,"Arecibo, PR Metro Area",11640
95000.0,"Arkadelphia, AR Micro Area",11660
85700.0,"Arkansas City-Winfield, KS Micro Area",11680
198100.0,"Asheville, NC Metro Area",11700
122000.0,"Ashland, OH Micro Area",11740
106300.0,"Ashtabula, OH Micro Area",11780
253900.0,"Astoria, OR Micro Area",11820
92900.0,"Atchison, KS Micro Area",11860
116500.0,"Athens, OH Micro Area",11900
123700.0,"Athens, TN Micro Area",11940
99000.0,"Athens, TX Micro Area",11980
114700.0,"Austin, MN Micro Area",12380
157100.0,"Auburn-Opelika, AL Metro Area",12220
133500.0,"Augusta-Richmond County, GA-SC Metro Area",12260
154500.0,"Augusta-Waterville, ME Micro Area",12300
240500.0,"Austin-Round Rock, TX Metro Area",12420
109800.0,"Bainbridge, GA Micro Area",12460
190600.0,"Bakersfield, CA Metro Area",12540
285700.0,"Baltimore-Columbia-Towson, MD Metro Area",12580
137900.0,"Bangor, ME Metro Area",12620
172500.0,"Baraboo, WI Micro Area",12660
144800.0,"Bardstown, KY Micro Area",12680
375000.0,"Barnstable Town, MA Metro Area",12700
217200.0,"Barre, VT Micro Area",12740
112600.0,"Bartlesville, OK Micro Area",12780
84900.0,"Bastrop, LA Micro Area",12820
111900.0,"Batavia, NY Micro Area",12860
104400.0,"Batesville, AR Micro Area",12900
168200.0,"Baton Rouge, LA Metro Area",12940
102600.0,"Battle Creek, MI Metro Area",12980
162600.0,"Athens-Clarke County, GA Metro Area",12020
184200.0,"Atlanta-Sandy Springs-Roswell, GA Metro Area",12060
219000.0,"Atlantic City-Hammonton, NJ Metro Area",12100
94500.0,"Atmore, AL Micro Area",12120
113600.0,"Auburn, IN Micro Area",12140
120000.0,"Auburn, NY Micro Area",12180
102900.0,"Beaumont-Port Arthur, TX Metro Area",13140
96800.0,"Bay City, MI Metro Area",13020
102200.0,"Bay City, TX Micro Area",13060
108800.0,"Beatrice, NE Micro Area",13100
156200.0,"Beaver Dam, WI Micro Area",13180
96700.0,"Beckley, WV Metro Area",13220
109200.0,"Bedford, IN Micro Area",13260
78500.0,"Beeville, TX Micro Area",13300
127200.0,"Bellefontaine, OH Micro Area",13340
299800.0,"Bellingham, WA Metro Area",13380
153100.0,"Bemidji, MN Micro Area",13420
298200.0,"Bend-Redmond, OR Metro Area",13460
60500.0,"Bennettsville, SC Micro Area",13500
208600.0,"Bennington, VT Micro Area",13540
124100.0,"Berlin, NH-VT Micro Area",13620
114700.0,"Big Rapids, MI Micro Area",13660
88700.0,"Big Spring, TX Micro Area",13700
83000.0,"Big Stone Gap, VA Micro Area",13720
211200.0,"Billings, MT Metro Area",13740
113100.0,"Binghamton, NY Metro Area",13780
152200.0,"Birmingham-Hoover, AL Metro Area",13820
223600.0,"Bismarck, ND Metro Area",13900
147400.0,"Blackfoot, ID Micro Area",13940
168700.0,"Blacksburg-Christiansburg-Radford, VA Metro Area",13980
93200.0,"Bluefield, WV-VA Micro Area",14140
158700.0,"Bloomington, IL Metro Area",14010
155300.0,"Bloomington, IN Metro Area",14020
151100.0,"Bloomsburg-Berwick, PA Metro Area",14100
81400.0,"Blytheville, AR Micro Area",14180
84600.0,"Bogalusa, LA Micro Area",14220
192600.0,"Boise City, ID Metro Area",14260
98200.0,"Bonham, TX Micro Area",14300
130500.0,"Boone, IA Micro Area",14340
240700.0,"Boone, NC Micro Area",14380
75500.0,"Borger, TX Micro Area",14420
393500.0,"Boston-Cambridge-Newton, MA-NH Metro Area",14460
423500.0,"Boulder, CO Metro Area",14500
134200.0,"Bowling Green, KY Metro Area",14540
303700.0,"Bozeman, MT Micro Area",14580
77100.0,"Bradford, PA Micro Area",14620
185400.0,"Brainerd, MN Micro Area",14660
138500.0,"Branson, MO Micro Area",14700
547700.0,"Breckenridge, CO Micro Area",14720
277500.0,"Bremerton-Silverdale, WA Metro Area",14740
163400.0,"Brenham, TX Micro Area",14780
202100.0,"Brevard, NC Micro Area",14820
417800.0,"Bridgeport-Stamford-Norwalk, CT Metro Area",14860
104300.0,"Brownsville, TN Micro Area",15140
94800.0,"Brookhaven, MS Micro Area",15020
221300.0,"Brookings, OR Micro Area",15060
165100.0,"Brookings, SD Micro Area",15100
82500.0,"Brownsville-Harlingen, TX Metro Area",15180
95100.0,"Brownwood, TX Micro Area",15220
136300.0,"Brunswick, GA Metro Area",15260
85600.0,"Bucyrus, OH Micro Area",15340
135000.0,"Buffalo-Cheektowaga-Niagara Falls, NY Metro Area",15380
128000.0,"Burley, ID Micro Area",15420
98700.0,"Burlington, IA-IL Micro Area",15460
145500.0,"Burlington, NC Metro Area",15500
261700.0,"Burlington-South Burlington, VT Metro Area",15540
133800.0,"Butte-Silver Bow, MT Micro Area",15580
100600.0,"Cadillac, MI Micro Area",15620
119500.0,"Calhoun, GA Micro Area",15660
291500.0,"California-Lexington Park, MD Metro Area",15680
179300.0,"Cambridge, MD Micro Area",15700
103100.0,"Cambridge, OH Micro Area",15740
68700.0,"Camden, AR Micro Area",15780
126300.0,"Canton-Massillon, OH Metro Area",15940
106700.0,"Campbellsville, KY Micro Area",15820
160000.0,"Cañon City, CO Micro Area",15860
84800.0,"Canton, IL Micro Area",15900
190200.0,"Cape Coral-Fort Myers, FL Metro Area",15980
127400.0,"Carroll, IA Micro Area",16140
139300.0,"Cape Girardeau, MO-IL Metro Area",16020
107300.0,"Carbondale-Marion, IL Metro Area",16060
143100.0,"Carlsbad-Artesia, NM Micro Area",16100
217400.0,"Carson City, NV Metro Area",16180
198600.0,"Casper, WY Metro Area",16220
183100.0,"Cedar City, UT Micro Area",16260
149400.0,"Cedar Rapids, IA Metro Area",16300
105600.0,"Cedartown, GA Micro Area",16340
137900.0,"Celina, OH Micro Area",16380
82000.0,"Central City, KY Micro Area",16420
71900.0,"Centralia, IL Micro Area",16460
176000.0,"Centralia, WA Micro Area",16500
175800.0,"Chambersburg-Waynesboro, PA Metro Area",16540
148600.0,"Champaign-Urbana, IL Metro Area",16580
105100.0,"Charleston, WV Metro Area",16620
93800.0,"Charleston-Mattoon, IL Micro Area",16660
207500.0,"Charleston-North Charleston, SC Metro Area",16700
177000.0,"Charlotte-Concord-Gastonia, NC-SC Metro Area",16740
267800.0,"Charlottesville, VA Metro Area",16820
152600.0,"Chattanooga, TN-GA Metro Area",16860
202800.0,"Cheyenne, WY Metro Area",16940
222600.0,"Chicago-Naperville-Elgin, IL-IN-WI Metro Area",16980
200400.0,"Claremont-Lebanon, NH-VT Micro Area",17200
238200.0,"Chico, CA Metro Area",17020
114600.0,"Chillicothe, OH Micro Area",17060
158800.0,"Cincinnati, OH-KY-IN Metro Area",17140
108300.0,"Clarksburg, WV Micro Area",17220
62400.0,"Clarksdale, MS Micro Area",17260
144300.0,"Clarksville, TN-KY Metro Area",17300
182000.0,"Clearlake, CA Micro Area",17340
89100.0,"Cleveland, MS Micro Area",17380
146100.0,"Cleveland, TN Metro Area",17420
142400.0,"Cleveland-Elyria, OH Metro Area",17460
79700.0,"Clewiston, FL Micro Area",17500
112400.0,"Clinton, IA Micro Area",17540
131200.0,"Clovis, NM Micro Area",17580
88300.0,"Coamo, PR Micro Area",17620
85900.0,"Coco, PR Micro Area",17640
212900.0,"Coeur d'Alene, ID Metro Area",17660
74000.0,"Coffeyville, KS Micro Area",17700
97700.0,"Coldwater, MI Micro Area",17740
159300.0,"College Station-Bryan, TX Metro Area",17780
239100.0,"Colorado Springs, CO Metro Area",17820
177800.0,"Columbia, MO Metro Area",17860
145900.0,"Columbia, SC Metro Area",17900
140800.0,"Columbus, GA-AL Metro Area",17980
83900.0,"Cordele, GA Micro Area",18380
81400.0,"Connersville, IN Micro Area",18220
141900.0,"Cookeville, TN Micro Area",18260
177300.0,"Coos Bay, OR Micro Area",18300
86100.0,"Corinth, MS Micro Area",18420
137200.0,"Cornelia, GA Micro Area",18460
95300.0,"Corning, NY Micro Area",18500
121600.0,"Corpus Christi, TX Metro Area",18580
88900.0,"Corsicana, TX Micro Area",18620
113900.0,"Cortland, NY Micro Area",18660
288700.0,"Corvallis, OR Metro Area",18700
95500.0,"Coshocton, OH Micro Area",18740
169200.0,"Craig, CO Micro Area",18780
118400.0,"Crawfordsville, IN Micro Area",18820
185900.0,"Crescent City, CA Micro Area",18860
199500.0,"Crestview-Fort Walton Beach-Destin, FL Metro Area",18880
140800.0,"Crossville, TN Micro Area",18900
121900.0,"Cullman, AL Micro Area",18980
166600.0,"Columbus, OH Metro Area",18140
226700.0,"Concord, NH Micro Area",18180
174500.0,"Dallas-Fort Worth-Arlington, TX Metro Area",19100
139400.0,"Columbus, IN Metro Area",18020
123400.0,"Columbus, MS Micro Area",18060
136600.0,"Columbus, NE Micro Area",18100
177200.0,"Cullowhee, NC Micro Area",19000
122400.0,"Cumberland, MD-WV Metro Area",19060
116300.0,"Dalton, GA Metro Area",19140
75900.0,"Danville, IL Metro Area",19180
114600.0,"Danville, KY Micro Area",19220
105200.0,"Danville, VA Micro Area",19260
182000.0,"Daphne-Fairhope-Foley, AL Metro Area",19300
129500.0,"Davenport-Moline-Rock Island, IA-IL Metro Area",19340
125800.0,"Dayton, OH Metro Area",19380
114200.0,"Dayton, TN Micro Area",19420
121000.0,"Decatur, AL Metro Area",19460
95900.0,"Decatur, IL Metro Area",19500
118900.0,"Decatur, IN Micro Area",19540
112700.0,"Defiance, OH Micro Area",19580
94500.0,"Del Rio, TX Micro Area",19620
156900.0,"Deltona-Daytona Beach-Ormond Beach, FL Metro Area",19660
83800.0,"Deming, NM Micro Area",19700
317100.0,"Denver-Aurora-Lakewood, CO Metro Area",19740
115200.0,"DeRidder, LA Micro Area",19760
169400.0,"Des Moines-West Des Moines, IA Metro Area",19780
149900.0,"Detroit-Warren-Dearborn, MI Metro Area",19820
228200.0,"Dickinson, ND Micro Area",19860
116500.0,"Dixon, IL Micro Area",19940
108400.0,"Dodge City, KS Micro Area",19980
80900.0,"Dublin, GA Micro Area",20140
117000.0,"Dothan, AL Metro Area",20020
87600.0,"Douglas, GA Micro Area",20060
205800.0,"Dover, DE Metro Area",20100
90300.0,"DuBois, PA Micro Area",20180
157200.0,"Dubuque, IA Metro Area",20220
144700.0,"Dunn, NC Micro Area",20380
148500.0,"Duluth, MN-WI Metro Area",20260
106400.0,"Dumas, TX Micro Area",20300
104000.0,"Duncan, OK Micro Area",20340
356700.0,"Durango, CO Micro Area",20420
98900.0,"Durant, OK Micro Area",20460
212400.0,"Durham-Chapel Hill, NC Metro Area",20500
98100.0,"Dyersburg, TN Micro Area",20540
95100.0,"Eagle Pass, TX Micro Area",20580
326300.0,"Easton, MD Micro Area",20660
167200.0,"East Stroudsburg, PA Metro Area",20700
155600.0,"Eau Claire, WI Metro Area",20740
471100.0,"Edwards, CO Micro Area",20780
137300.0,"Effingham, IL Micro Area",20820
115700.0,"El Campo, TX Micro Area",20900
167700.0,"El Centro, CA Metro Area",20940
79900.0,"El Dorado, AR Micro Area",20980
130800.0,"Elkhart-Goshen, IN Metro Area",21140
167200.0,"Elizabeth City, NC Micro Area",21020
142800.0,"Elizabethtown-Fort Knox, KY Metro Area",21060
117100.0,"Elk City, OK Micro Area",21120
99800.0,"Elkins, WV Micro Area",21180
195800.0,"Elko, NV Micro Area",21220
256700.0,"Ellensburg, WA Micro Area",21260
105500.0,"Elmira, NY Metro Area",21300
116300.0,"El Paso, TX Metro Area",21340
98500.0,"Emporia, KS Micro Area",21380
104000.0,"Enid, OK Metro Area",21420
147800.0,"Enterprise, AL Micro Area",21460
124100.0,"Erie, PA Metro Area",21500
105900.0,"Escanaba, MI Micro Area",21540
167100.0,"Española, NM Micro Area",21580
86700.0,"Eufaula, AL-GA Micro Area",21640
232800.0,"Eugene, OR Metro Area",21660
285800.0,"Eureka-Arcata-Fortuna, CA Micro Area",21700
178400.0,"Evanston, WY Micro Area",21740
131400.0,"Evansville, IN-KY Metro Area",21780
230600.0,"Fairbanks, AK Metro Area",21820
114300.0,"Fairfield, IA Micro Area",21840
112400.0,"Fairmont, MN Micro Area",21860
110100.0,"Fairmont, WV Micro Area",21900
169100.0,"Fallon, NV Micro Area",21980
139000.0,"Frankfort, KY Micro Area",23180
269900.0,"Fredericksburg, TX Micro Area",23240
120500.0,"Fort Wayne, IN Metro Area",23060
103700.0,"Frankfort, IN Micro Area",23140
97700.0,"Freeport, IL Micro Area",23300
119600.0,"Fremont, NE Micro Area",23340
111900.0,"Fremont, OH Micro Area",23380
220600.0,"Fresno, CA Metro Area",23420
105100.0,"Gadsden, AL Metro Area",23460
94300.0,"Gaffney, SC Micro Area",23500
162000.0,"Gainesville, FL Metro Area",23540
171900.0,"Gainesville, GA Metro Area",23580
144700.0,"Gainesville, TX Micro Area",23620
81700.0,"Galesburg, IL Micro Area",23660
62800.0,"Gallup, NM Micro Area",23700
123300.0,"Garden City, KS Micro Area",23780
311400.0,"Gardnerville Ranchos, NV Micro Area",23820
178600.0,"Georgetown, SC Micro Area",23860
197400.0,"Gettysburg, PA Metro Area",23900
213900.0,"Gillette, WY Micro Area",23940
102300.0,"Glasgow, KY Micro Area",23980
143300.0,"Farmington, NM Metro Area",22140
190300.0,"Fargo, ND-MN Metro Area",22020
188400.0,"Faribault-Northfield, MN Micro Area",22060
110200.0,"Farmington, MO Micro Area",22100
132300.0,"Fayetteville, NC Metro Area",22180
158800.0,"Fayetteville-Springdale-Rogers, AR-MO Metro Area",22220
170900.0,"Fergus Falls, MN Micro Area",22260
158000.0,"Fernley, NV Micro Area",22280
132600.0,"Findlay, OH Micro Area",22300
81200.0,"Fitzgerald, GA Micro Area",22340
241400.0,"Flagstaff, AZ Metro Area",22380
96500.0,"Flint, MI Metro Area",22420
112600.0,"Florence, SC Metro Area",22500
120400.0,"Florence-Muscle Shoals, AL Metro Area",22520
149400.0,"Fond du Lac, WI Metro Area",22540
109000.0,"Forest City, NC Micro Area",22580
61900.0,"Forrest City, AR Micro Area",22620
306600.0,"Fort Collins, CO Metro Area",22660
95300.0,"Fort Dodge, IA Micro Area",22700
141700.0,"Fort Leonard Wood, MO Micro Area",22780
87800.0,"Fort Madison-Keokuk, IA-IL-MO Micro Area",22800
162900.0,"Fort Morgan, CO Micro Area",22820
102900.0,"Fort Payne, AL Micro Area",22840
116600.0,"Fort Polk South, LA Micro Area",22860
67100.0,"Helena-West Helena, AR Micro Area",25760
107000.0,"Fort Smith, AR-OK Metro Area",22900
137100.0,"Hattiesburg, MS Metro Area",25620
159400.0,"Hays, KS Micro Area",25700
357300.0,"Heber, UT Micro Area",25720
225300.0,"Helena, MT Micro Area",25740
95500.0,"Henderson, NC Micro Area",25780
88000.0,"Hereford, TX Micro Area",25820
145400.0,"Hermiston-Pendleton, OR Micro Area",25840
126000.0,"Hickory-Lenoir-Morganton, NC Metro Area",25860
105600.0,"Hillsdale, MI Micro Area",25880
316000.0,"Hilo, HI Micro Area",25900
264000.0,"Hilton Head Island-Bluffton-Beaufort, SC Metro Area",25940
120100.0,"Hinesville, GA Metro Area",25980
91100.0,"Guayama, PR Metro Area",25020
135300.0,"Gulfport-Biloxi-Pascagoula, MS Metro Area",25060
109300.0,"Guymon, OK Micro Area",25100
186000.0,"Hagerstown-Martinsburg, MD-WV Metro Area",25180
328100.0,"Hailey, ID Micro Area",25200
149300.0,"Hammond, LA Metro Area",25220
185600.0,"Hanford-Corcoran, CA Metro Area",25260
117200.0,"Hannibal, MO Micro Area",25300
175600.0,"Harrisburg-Carlisle, PA Metro Area",25420
111800.0,"Harrison, AR Micro Area",25460
203100.0,"Harrisonburg, VA Metro Area",25500
244300.0,"Hartford-West Hartford-East Hartford, CT Metro Area",25540
115300.0,"Hastings, NE Micro Area",25580
117000.0,"Goldsboro, NC Metro Area",24140
166800.0,"Glens Falls, NY Metro Area",24020
352700.0,"Glenwood Springs, CO Micro Area",24060
107600.0,"Gloversville, NY Micro Area",24100
170200.0,"Grand Forks, ND-MN Metro Area",24220
130400.0,"Grand Island, NE Metro Area",24260
207900.0,"Grand Junction, CO Metro Area",24300
156100.0,"Grand Rapids, MN Micro Area",24330
154700.0,"Grand Rapids-Wyoming, MI Metro Area",24340
89800.0,"Grants, NM Micro Area",24380
235600.0,"Grants Pass, OR Metro Area",24420
87600.0,"Great Bend, KS Micro Area",24460
168100.0,"Great Falls, MT Metro Area",24500
245000.0,"Greeley, CO Metro Area",24540
161900.0,"Green Bay, WI Metro Area",24580
114600.0,"Greeneville, TN Micro Area",24620
226600.0,"Greenfield Town, MA Micro Area",24640
143800.0,"Greensboro-High Point, NC Metro Area",24660
121800.0,"Greensburg, IN Micro Area",24700
74400.0,"Greenville, MS Micro Area",24740
138700.0,"Greenville, NC Metro Area",24780
113200.0,"Greenville, OH Micro Area",24820
93200.0,"Grenada, MS Micro Area",24980
148700.0,"Greenville-Anderson-Mauldin, SC Metro Area",24860
82400.0,"Greenwood, MS Micro Area",24900
109000.0,"Greenwood, SC Micro Area",24940
339400.0,"Hood River, OR Micro Area",26220
118500.0,"Hobbs, NM Micro Area",26020
150600.0,"Holland, MI Micro Area",26090
117400.0,"Homosassa Springs, FL Metro Area",26140
70700.0,"Hope, AR Micro Area",26260
131500.0,"Hot Springs, AR Metro Area",26300
101900.0,"Houghton, MI Micro Area",26340
144000.0,"Houma-Thibodaux, LA Metro Area",26380
166500.0,"Houston-The Woodlands-Sugar Land, TX Metro Area",26420
224600.0,"Hudson, NY Micro Area",26460
121900.0,"Huntingdon, PA Micro Area",26500
102700.0,"Huntington, IN Micro Area",26540
112000.0,"Huntington-Ashland, WV-KY-OH Metro Area",26580
168000.0,"Huntsville, AL Metro Area",26620
109200.0,"Huntsville, TX Micro Area",26660
104800.0,"Huron, SD Micro Area",26700
96600.0,"Hutchinson, KS Micro Area",26740
150400.0,"Hutchinson, MN Micro Area",26780
160900.0,"Idaho Falls, ID Metro Area",26820
111200.0,"Indiana, PA Micro Area",26860
148500.0,"Indianapolis-Carmel-Anderson, IN Metro Area",26900
71600.0,"Indianola, MS Micro Area",26940
117000.0,"Ionia, MI Micro Area",26960
198500.0,"Iowa City, IA Metro Area",26980
139600.0,"Jackson, MS Metro Area",27140
97000.0,"Iron Mountain, MI-WI Micro Area",27020
190100.0,"Ithaca, NY Metro Area",27060
120100.0,"Jackson, MI Metro Area",27100
93900.0,"Jackson, OH Micro Area",27160
120300.0,"Jackson, TN Metro Area",27180
492300.0,"Jackson, WY-ID Micro Area",27220
174000.0,"Jacksonville, FL Metro Area",27260
101100.0,"Jacksonville, IL Micro Area",27300
136200.0,"Jasper, IN Micro Area",27540
154400.0,"Jacksonville, NC Metro Area",27340
98200.0,"Jacksonville, TX Micro Area",27380
130900.0,"Jamestown, ND Micro Area",27420
85800.0,"Jamestown-Dunkirk-Fredonia, NY Micro Area",27460
135000.0,"Janesville-Beloit, WI Metro Area",27500
90700.0,"Jayuya, PR Micro Area",27580
163200.0,"Jefferson, GA Micro Area",27600
143900.0,"Jefferson City, MO Metro Area",27620
101800.0,"Jennings, LA Micro Area",27660
107300.0,"Jesup, GA Micro Area",27700
137100.0,"Johnson City, TN Metro Area",27740
88900.0,"Johnstown, PA Metro Area",27780
120200.0,"Jonesboro, AR Metro Area",27860
114500.0,"Joplin, MO Metro Area",27900
141900.0,"Junction City, KS Micro Area",27920
343100.0,"Juneau, AK Micro Area",27940
569100.0,"Kahului-Wailuku-Lahaina, HI Metro Area",27980
166800.0,"Kansas City, MO-KS Metro Area",28140
141100.0,"Kalamazoo-Portage, MI Metro Area",28020
246500.0,"Kalispell, MT Micro Area",28060
140100.0,"Kankakee, IL Metro Area",28100
520100.0,"Kapaa, HI Micro Area",28180
156600.0,"Kearney, NE Micro Area",28260
188700.0,"Keene, NH Micro Area",28300
114500.0,"Kendallville, IN Micro Area",28340
69500.0,"Kennett, MO Micro Area",28380
192800.0,"Kennewick-Richland, WA Metro Area",28420
164000.0,"Kerrville, TX Micro Area",28500
265700.0,"Ketchikan, AK Micro Area",28540
429000.0,"Key West, FL Micro Area",28580
266100.0,"Kill Devil Hills, NC Micro Area",28620
132300.0,"Killeen-Temple, TX Metro Area",28660
124000.0,"Kingsport-Bristol-Bristol, TN-VA Metro Area",28700
221600.0,"Kingston, NY Metro Area",28740
86500.0,"Kingsville, TX Micro Area",28780
93500.0,"Kinston, NC Micro Area",28820
110500.0,"Kirksville, MO Micro Area",28860
156900.0,"Klamath Falls, OR Micro Area",28900
158700.0,"Knoxville, TN Metro Area",28940
143400.0,"Lafayette, LA Metro Area",29180
101300.0,"Kokomo, IN Metro Area",29020
220400.0,"Laconia, NH Micro Area",29060
161800.0,"La Crosse-Onalaska, WI-MN Metro Area",29100
138400.0,"Lafayette-West Lafayette, IN Metro Area",29200
172100.0,"La Grande, OR Micro Area",29260
125000.0,"LaGrange, GA Micro Area",29300
136700.0,"Lake Charles, LA Metro Area",29340
112500.0,"Lake City, FL Micro Area",29380
138700.0,"Lake Havasu City-Kingman, AZ Metro Area",29420
121100.0,"Lakeland-Winter Haven, FL Metro Area",29460
66400.0,"Lamesa, TX Micro Area",29500
193200.0,"Lancaster, PA Metro Area",29540
138900.0,"Lansing-East Lansing, MI Metro Area",29620
223000.0,"Laramie, WY Micro Area",29660
115500.0,"Laredo, TX Metro Area",29700
140700.0,"Las Cruces, NM Metro Area",29740
132900.0,"Las Vegas, NM Micro Area",29780
212300.0,"Las Vegas-Henderson-Paradise, NV Metro Area",29820
79400.0,"Laurel, MS Micro Area",29860
85200.0,"Laurinburg, NC Micro Area",29900
188100.0,"Lawrence, KS Metro Area",29940
98800.0,"Lawrenceburg, TN Micro Area",29980
82300.0,"Levelland, TX Micro Area",30220
121900.0,"Lawton, OK Metro Area",30020
112700.0,"Lebanon, MO Micro Area",30060
166600.0,"Lebanon, PA Metro Area",30140
172200.0,"Lewisburg, PA Micro Area",30260
119300.0,"Lewisburg, TN Micro Area",30280
173500.0,"Lewiston, ID-WA Metro Area",30300
152000.0,"Lewiston-Auburn, ME Metro Area",30340
103700.0,"Lewistown, PA Micro Area",30380
103000.0,"Lexington, NE Micro Area",30420
170200.0,"Lexington-Fayette, KY Metro Area",30460
98500.0,"Liberal, KS Micro Area",30580
110900.0,"Lima, OH Metro Area",30620
101300.0,"Lincoln, IL Micro Area",30660
162700.0,"Lincoln, NE Metro Area",30700
146000.0,"Little Rock-North Little Rock-Conway, AR Metro Area",30780
124700.0,"Lock Haven, PA Micro Area",30820
199100.0,"Logan, UT-ID Metro Area",30860
85800.0,"Logan, WV Micro Area",30880
84100.0,"Logansport, IN Micro Area",30900
89300.0,"London, KY Micro Area",30940
121100.0,"Longview, TX Metro Area",30980
119400.0,"Marietta, OH Micro Area",31930
126200.0,"Manitowoc, WI Micro Area",31820
173400.0,"Mankato-North Mankato, MN Metro Area",31860
103700.0,"Mansfield, OH Metro Area",31900
108600.0,"Marinette, WI-MI Micro Area",31940
87600.0,"Marion, IN Micro Area",31980
186600.0,"Longview, WA Metro Area",31020
285300.0,"Los Alamos, NM Micro Area",31060
537000.0,"Los Angeles-Long Beach-Anaheim, CA Metro Area",31080
155700.0,"Louisville/Jefferson County, KY-IN Metro Area",31140
119900.0,"Lubbock, TX Metro Area",31180
126600.0,"Ludington, MI Micro Area",31220
97300.0,"Lufkin, TX Micro Area",31260
72100.0,"Lumberton, NC Micro Area",31300
165700.0,"Lynchburg, VA Metro Area",31340
94600.0,"Macomb, IL Micro Area",31380
118400.0,"Macon-Bibb County, GA Metro Area",31420
220400.0,"Madera, CA Metro Area",31460
120000.0,"Madison, IN Micro Area",31500
230200.0,"Madison, WI Metro Area",31540
96600.0,"Madisonville, KY Micro Area",31580
76200.0,"Magnolia, AR Micro Area",31620
102200.0,"Malone, NY Micro Area",31660
88900.0,"Malvern, AR Micro Area",31680
256300.0,"Manchester-Nashua, NH Metro Area",31700
182700.0,"Manhattan, KS Metro Area",31740
59400.0,"Middlesborough, KY Micro Area",33180
133000.0,"Midland, MI Metro Area",33220
236500.0,"Miami-Fort Lauderdale-West Palm Beach, FL Metro Area",33100
126700.0,"Michigan City-La Porte, IN Metro Area",33140
185000.0,"Midland, TX Metro Area",33260
99700.0,"Milledgeville, GA Micro Area",33300
197800.0,"Milwaukee-Waukesha-West Allis, WI Metro Area",33340
88600.0,"Mineral Wells, TX Micro Area",33420
230700.0,"Minneapolis-St. Paul-Bloomington, MN-WI Metro Area",33460
198100.0,"Minot, ND Micro Area",33500
259600.0,"Missoula, MT Metro Area",33540
244100.0,"Modesto, CA Metro Area",33700
139400.0,"Mitchell, SD Micro Area",33580
93800.0,"Moberly, MO Micro Area",33620
124500.0,"Mobile, AL Metro Area",33660
126600.0,"Monroe, LA Metro Area",33740
149500.0,"Monroe, MI Metro Area",33780
132800.0,"Montgomery, AL Metro Area",33860
202500.0,"Montrose, CO Micro Area",33940
197700.0,"Morehead City, NC Micro Area",33980
95800.0,"Mexico, MO Micro Area",33020
84300.0,"Miami, OK Micro Area",33060
135900.0,"Marshall, MN Micro Area",32140
110400.0,"Marion, NC Micro Area",32000
93700.0,"Marion, OH Micro Area",32020
142900.0,"Marquette, MI Micro Area",32100
96700.0,"Marshall, MO Micro Area",32180
115100.0,"Marshall, TX Micro Area",32220
104600.0,"Marshalltown, IA Micro Area",32260
94300.0,"Martin, TN Micro Area",32280
93600.0,"Martinsville, VA Micro Area",32300
117800.0,"Maryville, MO Micro Area",32340
117700.0,"Mason City, IA Micro Area",32380
101200.0,"Mayagüez, PR Metro Area",32420
95600.0,"Mayfield, KY Micro Area",32460
111200.0,"Maysville, KY Micro Area",32500
98400.0,"McAlester, OK Micro Area",32540
82400.0,"McAllen-Edinburg-Mission, TX Metro Area",32580
85100.0,"McComb, MS Micro Area",32620
108600.0,"McMinnville, TN Micro Area",32660
140300.0,"McPherson, KS Micro Area",32700
108200.0,"Meadville, PA Micro Area",32740
240900.0,"Medford, OR Metro Area",32780
138200.0,"Memphis, TN-MS-AR Metro Area",32820
156700.0,"Menomonie, WI Micro Area",32860
196200.0,"Merced, CA Metro Area",32900
83800.0,"Meridian, MS Micro Area",32940
135500.0,"Merrill, WI Micro Area",32980
197000.0,"Nashville-Davidson--Murfreesboro--Franklin, TN Metro Area",34980
117700.0,"Nacogdoches, TX Micro Area",34860
560500.0,"Napa, CA Metro Area",34900
316200.0,"Naples-Immokalee-Marco Island, FL Metro Area",34940
207200.0,"Moscow, ID Micro Area",34140
97000.0,"Morgan City, LA Micro Area",34020
157300.0,"Morgantown, WV Metro Area",34060
133200.0,"Morristown, TN Metro Area",34100
161700.0,"Moses Lake, WA Micro Area",34180
84500.0,"Moultrie, GA Micro Area",34220
124400.0,"Mountain Home, AR Micro Area",34260
145200.0,"Mountain Home, ID Micro Area",34300
120900.0,"Mount Airy, NC Micro Area",34340
128400.0,"Mount Pleasant, MI Micro Area",34380
96300.0,"Mount Pleasant, TX Micro Area",34420
100000.0,"Mount Sterling, KY Micro Area",34460
92700.0,"Mount Vernon, IL Micro Area",34500
138900.0,"Mount Vernon, OH Micro Area",34540
269100.0,"Mount Vernon-Anacortes, WA Metro Area",34580
88600.0,"Muncie, IN Metro Area",34620
130100.0,"Murray, KY Micro Area",34660
128100.0,"Muscatine, IA Micro Area",34700
105300.0,"Muskegon, MI Metro Area",34740
97700.0,"Muskogee, OK Micro Area",34780
172200.0,"Myrtle Beach-Conway-North Myrtle Beach, SC-NC Metro Area",34820
99700.0,"Newberry, SC Micro Area",35140
87100.0,"Natchez, MS-LA Micro Area",35020
114100.0,"Natchitoches, LA Micro Area",35060
151200.0,"New Bern, NC Metro Area",35100
184100.0,"New Orleans-Metairie, LA Metro Area",35380
94800.0,"New Castle, IN Micro Area",35220
102300.0,"New Castle, PA Micro Area",35260
244400.0,"New Haven-Milford, CT Metro Area",35300
117100.0,"New Philadelphia-Dover, OH Micro Area",35420
227700.0,"Newport, OR Micro Area",35440
107200.0,"Newport, TN Micro Area",35460
122800.0,"Newton, IA Micro Area",35500
138400.0,"Nogales, AZ Micro Area",35700
135300.0,"New Ulm, MN Micro Area",35580
413200.0,"New York-Newark-Jersey City, NY-NJ-PA Metro Area",35620
140900.0,"Niles-Benton Harbor, MI Metro Area",35660
120300.0,"Norfolk, NE Micro Area",35740
130200.0,"North Platte, NE Micro Area",35820
207600.0,"North Port-Sarasota-Bradenton, FL Metro Area",35840
99900.0,"North Vernon, IN Micro Area",35860
123700.0,"North Wilkesboro, NC Micro Area",35900
118800.0,"Norwalk, OH Micro Area",35940
238900.0,"Norwich-New London, CT Metro Area",35980
120800.0,"Odessa, TX Metro Area",36220
311400.0,"Oak Harbor, WA Micro Area",36020
119200.0,"Ocala, FL Metro Area",36100
295500.0,"Ocean City, NJ Metro Area",36140
220600.0,"Ogden-Clearfield, UT Metro Area",36260
88000.0,"Ogdensburg-Massena, NY Micro Area",36300
85000.0,"Oil City, PA Micro Area",36340
89900.0,"Okeechobee, FL Micro Area",36380
146800.0,"Oklahoma City, OK Metro Area",36420
86500.0,"Olean, NY Micro Area",36460
255500.0,"Olympia-Tumwater, WA Metro Area",36500
157500.0,"Omaha-Council Bluffs, NE-IA Metro Area",36540
141900.0,"Oneonta, NY Micro Area",36580
135200.0,"Ontario, OR-ID Micro Area",36620
99200.0,"Opelousas, LA Micro Area",36660
92700.0,"Orangeburg, SC Micro Area",36700
180100.0,"Orlando-Kissimmee-Sanford, FL Metro Area",36740
147300.0,"Oshkosh-Neenah, WI Metro Area",36780
110100.0,"Oskaloosa, IA Micro Area",36820
150300.0,"Othello, WA Micro Area",36830
121700.0,"Ottawa, KS Micro Area",36840
121000.0,"Ottawa-Peru, IL Micro Area",36860
85800.0,"Ottumwa, IA Micro Area",36900
154300.0,"Owatonna, MN Micro Area",36940
119700.0,"Owensboro, KY Metro Area",36980
520300.0,"Oxnard-Thousand Oaks-Ventura, CA Metro Area",37100
111000.0,"Owosso, MI Micro Area",37020
177300.0,"Oxford, MS Micro Area",37060
146100.0,"Oxford, NC Micro Area",37080
82800.0,"Palatka, FL Micro Area",37260
108000.0,"Ozark, AL Micro Area",37120
114600.0,"Paducah, KY-IL Micro Area",37140
125100.0,"Pahrump, NV Micro Area",37220
91800.0,"Palestine, TX Micro Area",37300
162400.0,"Palm Bay-Melbourne-Titusville, FL Metro Area",37340
71700.0,"Pampa, TX Micro Area",37420
165200.0,"Panama City, FL Metro Area",37460
110400.0,"Paragould, AR Micro Area",37500
97000.0,"Paris, TN Micro Area",37540
88100.0,"Paris, TX Micro Area",37580
112300.0,"Parkersburg-Vienna, WV Metro Area",37620
74900.0,"Parsons, KS Micro Area",37660
153600.0,"Payson, AZ Micro Area",37740
52900.0,"Pecos, TX Micro Area",37780
146900.0,"Pella, IA Micro Area",37800
145500.0,"Pensacola-Ferry Pass-Brent, FL Metro Area",37860
133300.0,"Peoria, IL Metro Area",37900
85500.0,"Peru, IN Micro Area",37940
240700.0,"Philadelphia-Camden-Wilmington, PA-NJ-DE-MD Metro Area",37980
79900.0,"Pine Bluff, AR Metro Area",38220
216600.0,"Phoenix-Mesa-Scottsdale, AZ Metro Area",38060
122900.0,"Picayune, MS Micro Area",38100
169900.0,"Pierre, SD Micro Area",38180
207300.0,"Pinehurst-Southern Pines, NC Micro Area",38240
87300.0,"Pittsburg, KS Micro Area",38260
142100.0,"Pittsburgh, PA Metro Area",38300
203300.0,"Pittsfield, MA Metro Area",38340
80200.0,"Plainview, TX Micro Area",38380
137200.0,"Platteville, WI Micro Area",38420
129000.0,"Plattsburgh, NY Micro Area",38460
130100.0,"Plymouth, IN Micro Area",38500
148300.0,"Pocatello, ID Metro Area",38540
89900.0,"Point Pleasant, WV-OH Micro Area",38580
84100.0,"Ponca City, OK Micro Area",38620
93100.0,"Ponce, PR Metro Area",38660
109500.0,"Pontiac, IL Micro Area",38700
104600.0,"Poplar Bluff, MO Micro Area",38740
114300.0,"Portales, NM Micro Area",38780
227400.0,"Port Angeles, WA Micro Area",38820
145400.0,"Port Clinton, OH Micro Area",38840
243800.0,"Portland-South Portland, ME Metro Area",38860
215000.0,"Prescott, AZ Metro Area",39140
312500.0,"Portland-Vancouver-Hillsboro, OR-WA Metro Area",38900
114900.0,"Port Lavaca, TX Micro Area",38920
167200.0,"Port St. Lucie, FL Metro Area",38940
93000.0,"Portsmouth, OH Micro Area",39020
96200.0,"Pottsville, PA Micro Area",39060
129900.0,"Price, UT Micro Area",39220
187200.0,"Prineville, OR Micro Area",39260
257300.0,"Providence-Warwick, RI-MA Metro Area",39300
255100.0,"Provo-Orem, UT Metro Area",39340
148000.0,"Pueblo, CO Metro Area",39380
199400.0,"Pullman, WA Micro Area",39420
165200.0,"Punta Gorda, FL Metro Area",39460
116500.0,"Quincy, IL-MO Micro Area",39500
165200.0,"Racine, WI Metro Area",39540
224800.0,"Raleigh, NC Metro Area",39580
172600.0,"Rapid City, SD Metro Area",39660
49100.0,"Raymondville, TX Micro Area",39700
170900.0,"Reading, PA Metro Area",39740
191400.0,"Red Bluff, CA Micro Area",39780
233500.0,"Redding, CA Metro Area",39820
191400.0,"Red Wing, MN Micro Area",39860
267200.0,"Reno, NV Metro Area",39900
177000.0,"Rexburg, ID Micro Area",39940
96500.0,"Richmond, IN Micro Area",39980
293800.0,"Riverside-San Bernardino-Ontario, CA Metro Area",40140
220400.0,"Richmond, VA Metro Area",40060
138800.0,"Richmond-Berea, KY Micro Area",40080
67200.0,"Rio Grande City, TX Micro Area",40100
189700.0,"Riverton, WY Micro Area",40180
173100.0,"Roanoke, VA Metro Area",40220
85300.0,"Roanoke Rapids, NC Micro Area",40260
119700.0,"Rockford, IL Metro Area",40420
139900.0,"Rochelle, IL Micro Area",40300
179700.0,"Rochester, MN Metro Area",40340
138300.0,"Rochester, NY Metro Area",40380
80000.0,"Rockingham, NC Micro Area",40460
201000.0,"Rock Springs, WY Micro Area",40540
104500.0,"Rocky Mount, NC Metro Area",40580
126100.0,"Rolla, MO Micro Area",40620
126600.0,"Rome, GA Metro Area",40660
174200.0,"Roseburg, OR Micro Area",40700
106400.0,"Roswell, NM Micro Area",40740
171900.0,"Ruidoso, NM Micro Area",40760
120200.0,"Russellville, AR Micro Area",40780
145900.0,"Ruston, LA Micro Area",40820
177600.0,"Rutland, VT Micro Area",40860
339500.0,"Sacramento--Roseville--Arden-Arcade, CA Metro Area",40900
123500.0,"Safford, AZ Micro Area",40940
94900.0,"Saginaw, MI Metro Area",40980
162600.0,"St. Louis, MO-IL Metro Area",41180
169300.0,"St. Cloud, MN Metro Area",41060
240300.0,"St. George, UT Metro Area",41100
116600.0,"St. Joseph, MO-KS Metro Area",41140
154500.0,"St. Marys, GA Micro Area",41220
97100.0,"St. Marys, PA Micro Area",41260
104300.0,"Salem, OH Micro Area",41400
210100.0,"Salem, OR Metro Area",41420
122400.0,"Salina, KS Micro Area",41460
441000.0,"Salinas, CA Metro Area",41500
220900.0,"Salisbury, MD-DE Metro Area",41540
255100.0,"Salt Lake City, UT Metro Area",41620
122700.0,"San Angelo, TX Metro Area",41660
152400.0,"San Antonio-New Braunfels, TX Metro Area",41700
484900.0,"San Diego-Carlsbad, CA Metro Area",41740
222700.0,"Sandpoint, ID Micro Area",41760
132400.0,"Sandusky, OH Micro Area",41780
138400.0,"Sanford, NC Micro Area",41820
716500.0,"San Francisco-Oakland-Hayward, CA Metro Area",41860
101000.0,"San Germán, PR Metro Area",41900
815000.0,"San Jose-Sunnyvale-Santa Clara, CA Metro Area",41940
128300.0,"San Juan-Carolina-Caguas, PR Metro Area",41980
513300.0,"Santa Rosa, CA Metro Area",42220
499800.0,"San Luis Obispo-Paso Robles-Arroyo Grande, CA Metro Area",42020
659900.0,"Santa Cruz-Watsonville, CA Metro Area",42100
277700.0,"Santa Fe, NM Metro Area",42140
92800.0,"Santa Isabel, PR Micro Area",42180
509400.0,"Santa Maria-Santa Barbara, CA Metro Area",42200
111100.0,"Sault Ste. Marie, MI Micro Area",42300
173300.0,"Savannah, GA Metro Area",42340
145600.0,"Sayre, PA Micro Area",42380
116600.0,"Scottsbluff, NE Micro Area",42420
105000.0,"Scottsboro, AL Micro Area",42460
172600.0,"Sebastian-Vero Beach, FL Metro Area",42680
136300.0,"Scranton--Wilkes-Barre--Hazleton, PA Metro Area",42540
116400.0,"Searcy, AR Micro Area",42620
365400.0,"Seattle-Tacoma-Bellevue, WA Metro Area",42660
87900.0,"Sebring, FL Metro Area",42700
111400.0,"Sedalia, MO Micro Area",42740
154800.0,"Selinsgrove, PA Micro Area",42780
80800.0,"Selma, AL Micro Area",42820
153300.0,"Seneca, SC Micro Area",42860
98400.0,"Seneca Falls, NY Micro Area",42900
164000.0,"Sevierville, TN Micro Area",42940
114600.0,"Seymour, IN Micro Area",42980
110500.0,"Shelby, NC Micro Area",43140
133100.0,"Shawano, WI Micro Area",43020
108400.0,"Shawnee, OK Micro Area",43060
149800.0,"Sheboygan, WI Metro Area",43100
129700.0,"Shelbyville, TN Micro Area",43180
206700.0,"Shelton, WA Micro Area",43220
240900.0,"Sheridan, WY Micro Area",43260
116600.0,"Sherman-Denison, TX Metro Area",43300
115100.0,"Show Low, AZ Micro Area",43320
138700.0,"Shreveport-Bossier City, LA Metro Area",43340
137800.0,"Sidney, OH Micro Area",43380
144400.0,"Sierra Vista-Douglas, AZ Metro Area",43420
103300.0,"Sikeston, MO Micro Area",43460
125300.0,"Silver City, NM Micro Area",43500
119900.0,"Sioux City, IA-NE-SD Metro Area",43580
171000.0,"Sioux Falls, SD Metro Area",43620
89800.0,"Snyder, TX Micro Area",43660
109100.0,"Somerset, KY Micro Area",43700
103100.0,"Somerset, PA Micro Area",43740
273500.0,"Sonora, CA Micro Area",43760
120200.0,"South Bend-Mishawaka, IN-MI Metro Area",43780
122300.0,"Spartanburg, SC Metro Area",43900
189200.0,"Spearfish, SD Micro Area",43940
115700.0,"Spencer, IA Micro Area",43980
217500.0,"Springfield, MA Metro Area",44140
175900.0,"Spirit Lake, IA Micro Area",44020
194400.0,"Spokane-Spokane Valley, WA Metro Area",44060
135900.0,"Springfield, IL Metro Area",44100
137000.0,"Springfield, MO Metro Area",44180
107300.0,"Springfield, OH Metro Area",44220
146400.0,"Starkville, MS Micro Area",44260
212300.0,"State College, PA Metro Area",44300
131200.0,"Statesboro, GA Micro Area",44340
148700.0,"Sterling, CO Micro Area",44540
189400.0,"Staunton-Waynesboro, VA Metro Area",44420
460600.0,"Steamboat Springs, CO Micro Area",44460
128300.0,"Stephenville, TX Micro Area",44500
102200.0,"Sterling, IL Micro Area",44580
158800.0,"Stevens Point, WI Micro Area",44620
147400.0,"Stillwater, OK Micro Area",44660
281100.0,"Stockton-Lodi, CA Metro Area",44700
111100.0,"Storm Lake, IA Micro Area",44740
111200.0,"Sturgis, MI Micro Area",44780
97200.0,"Sulphur Springs, TX Micro Area",44860
68500.0,"Summerville, GA Micro Area",44900
558300.0,"Summit Park, UT Micro Area",44920
113200.0,"Sumter, SC Metro Area",44940
112300.0,"Sunbury, PA Micro Area",44980
111300.0,"Tahlequah, OK Micro Area",45140
177500.0,"Susanville, CA Micro Area",45000
66100.0,"Sweetwater, TX Micro Area",45020
131100.0,"Syracuse, NY Metro Area",45060
94100.0,"Talladega-Sylacauga, AL Micro Area",45180
167600.0,"Tallahassee, FL Metro Area",45220
162600.0,"Tampa-St. Petersburg-Clearwater, FL Metro Area",45300
218400.0,"Taos, NM Micro Area",45340
87500.0,"Taylorville, IL Micro Area",45380
88400.0,"Terre Haute, IN Metro Area",45460
104200.0,"Texarkana, TX-AR Metro Area",45500
191400.0,"The Dalles, OR Micro Area",45520
239800.0,"The Villages, FL Metro Area",45540
84900.0,"Thomaston, GA Micro Area",45580
131400.0,"Thomasville, GA Micro Area",45620
98600.0,"Tiffin, OH Micro Area",45660
112200.0,"Tifton, GA Micro Area",45700
98500.0,"Toccoa, GA Micro Area",45740
120500.0,"Toledo, OH Metro Area",45780
126500.0,"Topeka, KS Metro Area",45820
250100.0,"Torrington, CT Micro Area",45860
178800.0,"Traverse City, MI Micro Area",45900
281900.0,"Trenton, NJ Metro Area",45940
109200.0,"Troy, AL Micro Area",45980
139100.0,"Tulsa, OK Metro Area",46140
379800.0,"Truckee-Grass Valley, CA Micro Area",46020
166300.0,"Tucson, AZ Metro Area",46060
121700.0,"Tullahoma-Manchester, TN Micro Area",46100
111900.0,"Tupelo, MS Micro Area",46180
152300.0,"Tuscaloosa, AL Metro Area",46220
152600.0,"Twin Falls, ID Micro Area",46300
144800.0,"Tyler, TX Metro Area",46340
338000.0,"Ukiah, CA Micro Area",46380
84900.0,"Union City, TN-KY Micro Area",46460
126700.0,"Urbana, OH Micro Area",46500
626400.0,"Urban Honolulu, HI Metro Area",46520
114600.0,"Utica-Rome, NY Metro Area",46540
77800.0,"Uvalde, TX Micro Area",46620
120200.0,"Valdosta, GA Metro Area",46660
342000.0,"Vallejo-Fairfield, CA Metro Area",46700
86400.0,"Valley, AL Micro Area",46740
99000.0,"Van Wert, OH Micro Area",46780
146400.0,"Vermillion, SD Micro Area",46820
194800.0,"Vernal, UT Micro Area",46860
69900.0,"Vernon, TX Micro Area",46900
102200.0,"Vicksburg, MS Micro Area",46980
160500.0,"Vineland-Bridgeton, NJ Metro Area",47220
129200.0,"Victoria, TX Metro Area",47020
93000.0,"Vidalia, GA Micro Area",47080
87200.0,"Vincennes, IN Micro Area",47180
674600.0,"Vineyard Haven, MA Micro Area",47240
236600.0,"Virginia Beach-Norfolk-Newport News, VA-NC Metro Area",47260
115500.0,"Wahpeton, ND-MN Micro Area",47420
180200.0,"Visalia-Porterville, CA Metro Area",47300
96700.0,"Wabash, IN Micro Area",47340
120700.0,"Waco, TX Metro Area",47380
193800.0,"Walla Walla, WA Metro Area",47460
143100.0,"Wapakoneta, OH Micro Area",47540
133600.0,"Warner Robins, GA Metro Area",47580
92200.0,"Warren, PA Micro Area",47620
147000.0,"Warrensburg, MO Micro Area",47660
142700.0,"Warsaw, IN Micro Area",47700
115400.0,"Washington, IN Micro Area",47780
123600.0,"Washington, NC Micro Area",47820
397900.0,"Washington-Arlington-Alexandria, DC-VA-MD-WV Metro Area",47900
108900.0,"Washington Court House, OH Micro Area",47920
141300.0,"Waterloo-Cedar Falls, IA Metro Area",47940
166500.0,"Watertown, SD Micro Area",47980
147600.0,"Wausau, WI Metro Area",48140
177500.0,"Watertown-Fort Atkinson, WI Micro Area",48020
149300.0,"Watertown-Fort Drum, NY Metro Area",48060
81200.0,"Wauchula, FL Micro Area",48100
85000.0,"Waycross, GA Micro Area",48180
127600.0,"Weatherford, OK Micro Area",48220
89400.0,"Weirton-Steubenville, WV-OH Metro Area",48260
245800.0,"Wenatchee, WA Metro Area",48300
102200.0,"West Plains, MO Micro Area",48460
81200.0,"West Point, MS Micro Area",48500
94500.0,"Wichita Falls, TX Metro Area",48660
101400.0,"Wheeling, WV-OH Metro Area",48540
192500.0,"Whitewater-Elkhorn, WI Micro Area",48580
129300.0,"Wichita, KS Metro Area",48620
147400.0,"Williamsport, PA Metro Area",48700
238900.0,"Williston, ND Micro Area",48780
167000.0,"Willmar, MN Micro Area",48820
213500.0,"Wilmington, NC Metro Area",48900
123700.0,"Wilmington, OH Micro Area",48940
119200.0,"Wilson, NC Micro Area",48980
145000.0,"Winston-Salem, NC Metro Area",49180
216500.0,"Winchester, VA-WV Metro Area",49020
163500.0,"Winnemucca, NV Micro Area",49080
158400.0,"Winona, MN Micro Area",49100
127700.0,"Wisconsin Rapids-Marshfield, WI Micro Area",49220
123000.0,"Woodward, OK Micro Area",49260
140100.0,"Wooster, OH Micro Area",49300
250400.0,"Worcester, MA-CT Metro Area",49340
118300.0,"Worthington, MN Micro Area",49380
163500.0,"Yakima, WA Metro Area",49420
140400.0,"Yankton, SD Micro Area",49460
170300.0,"York-Hanover, PA Metro Area",49620
103100.0,"Youngstown-Warren-Boardman, OH-PA Metro Area",49660
223700.0,"Yuba City, CA Metro Area",49700
117000.0,"Yuma, AZ Metro Area",49740
112500.0,"Zanesville, OH Micro Area",49780
60700.0,"Zapata, TX Micro Area",49820
