B25003_001E,B25003_002E,B25003_003E,name,metropolitan statistical area/micropolitan statistical area
17907.0,12090.0,5817.0,"Aberdeen, SD Micro Area",10100
28070.0,18547.0,9523.0,"Aberdeen, WA Micro Area",10140
60369.0,37666.0,22703.0,"Abilene, TX Metro Area",10180
14512.0,9291.0,5221.0,"Ada, OK Micro Area",10220
6166.0,3364.0,2802.0,"Adjuntas, PR Micro Area",10260
38115.0,29599.0,8516.0,"Adrian, MI Micro Area",10300
110741.0,72666.0,38075.0,"Aguadilla-Isabela, PR Metro Area",10380
285229.0,189113.0,96116.0,"Akron, OH Metro Area",10420
23657.0,15169.0,8488.0,"Alamogordo, NM Micro Area",10460
57644.0,31458.0,26186.0,"Albany, GA Metro Area",10500
46265.0,29649.0,16616.0,"Albany, OR Metro Area",10540
349325.0,224766.0,124559.0,"Albany-Schenectady-Troy, NY Metro Area",10580
23859.0,17293.0,6566.0,"Albemarle, NC Micro Area",10620
12958.0,9958.0,3000.0,"Albert Lea, MN Micro Area",10660
34588.0,24437.0,10151.0,"Albertville, AL Micro Area",10700
345399.0,231628.0,113771.0,"Albuquerque, NM Metro Area",10740
16369.0,11763.0,4606.0,"Alexander City, AL Micro Area",10760
55303.0,34291.0,21012.0,"Alexandria, LA Metro Area",10780
16175.0,12149.0,4026.0,"Alexandria, MN Micro Area",10820
13614.0,9447.0,4167.0,"Alice, TX Micro Area",10860
318429.0,220705.0,97724.0,"Allentown-Bethlehem-Easton, PA-NJ Metro Area",10900
14736.0,10718.0,4018.0,"Alma, MI Micro Area",10940
12789.0,9851.0,2938.0,"Alpena, MI Micro Area",10980
51638.0,36185.0,15453.0,"Altoona, PA Metro Area",11020
9958.0,5710.0,4248.0,"Altus, OK Micro Area",11060
96146.0,62155.0,33991.0,"Amarillo, TX Metro Area",11100
13796.0,7894.0,5902.0,"Americus, GA Micro Area",11140
37106.0,19135.0,17971.0,"Ames, IA Metro Area",11180
19700.0,13565.0,6135.0,"Amsterdam, NY Micro Area",11220
136625.0,87131.0,49494.0,"Anchorage, AK Metro Area",11260
5413.0,3981.0,1432.0,"Andrews, TX Micro Area",11380
13810.0,10743.0,3067.0,"Angola, IN Micro Area",11420
138947.0,83645.0,55302.0,"Ann Arbor, MI Metro Area",11460
45099.0,31295.0,13804.0,"Anniston-Oxford-Jacksonville, AL Metro Area",11500
91633.0,66617.0,25016.0,"Appleton, WI Metro Area",11540
11744.0,8090.0,3654.0,"Arcadia, FL Micro Area",11580
18278.0,12649.0,5629.0,"Ardmore, OK Micro Area",11620
66813.0,45998.0,20815.0,"Arecibo, PR Metro Area",11640
8820.0,5470.0,3350.0,"Arkadelphia, AR Micro Area",11660
13688.0,9020.0,4668.0,"Arkansas City-Winfield, KS Micro Area",11680
187845.0,126765.0,61080.0,"Asheville, NC Metro Area",11700
20504.0,14890.0,5614.0,"Ashland, OH Micro Area",11740
38381.0,26982.0,11399.0,"Ashtabula, OH Micro Area",11780
15976.0,9756.0,6220.0,"Astoria, OR Micro Area",11820
5967.0,4183.0,1784.0,"Atchison, KS Micro Area",11860
22509.0,12783.0,9726.0,"Athens, OH Micro Area",11900
20352.0,15115.0,5237.0,"Athens, TN Micro Area",11940
30459.0,22968.0,7491.0,"Athens, TX Micro Area",11980
15524.0,11374.0,4150.0,"Austin, MN Micro Area",12380
59001.0,34932.0,24069.0,"Auburn-Opelika, AL Metro Area",12220
212603.0,141771.0,70832.0,"Augusta-Richmond County, GA-SC Metro Area",12260
51055.0,35827.0,15228.0,"Augusta-Waterville, ME Micro Area",12300
724566.0,422260.0,302306.0,"Austin-Round Rock, TX Metro Area",12420
10311.0,6157.0,4154.0,"Bainbridge, GA Micro Area",12460
264993.0,151564.0,113429.0,"Bakersfield, CA Metro Area",12540
1040704.0,691239.0,349465.0,"Baltimore-Columbia-Towson, MD Metro Area",12580
61848.0,43132.0,18716.0,"Bangor, ME Metro Area",12620
25678.0,17642.0,8036.0,"Baraboo, WI Micro Area",12660
17324.0,13579.0,3745.0,"Bardstown, KY Micro Area",12680
95011.0,74862.0,20149.0,"Barnstable Town, MA Metro Area",12700
24719.0,17709.0,7010.0,"Barre, VT Micro Area",12740
20688.0,14454.0,6234.0,"Bartlesville, OK Micro Area",12780
10077.0,6654.0,3423.0,"Bastrop, LA Micro Area",12820
23951.0,17369.0,6582.0,"Batavia, NY Micro Area",12860
14288.0,10105.0,4183.0,"Batesville, AR Micro Area",12900
301894.0,204704.0,97190.0,"Baton Rouge, LA Metro Area",12940
53528.0,37346.0,16182.0,"Battle Creek, MI Metro Area",12980
75197.0,40484.0,34713.0,"Athens-Clarke County, GA Metro Area",12020
2029045.0,1282082.0,746963.0,"Atlanta-Sandy Springs-Roswell, GA Metro Area",12060
100660.0,67845.0,32815.0,"Atlantic City-Hammonton, NJ Metro Area",12100
13226.0,9490.0,3736.0,"Atmore, AL Micro Area",12120
16317.0,12489.0,3828.0,"Auburn, IN Micro Area",12140
31428.0,22255.0,9173.0,"Auburn, NY Micro Area",12180
151812.0,103204.0,48608.0,"Beaumont-Port Arthur, TX Metro Area",13140
44070.0,34431.0,9639.0,"Bay City, MI Metro Area",13020
13811.0,9359.0,4452.0,"Bay City, TX Micro Area",13060
9255.0,6338.0,2917.0,"Beatrice, NE Micro Area",13100
33987.0,23913.0,10074.0,"Beaver Dam, WI Micro Area",13180
48766.0,36625.0,12141.0,"Beckley, WV Metro Area",13220
18432.0,14523.0,3909.0,"Bedford, IN Micro Area",13260
8531.0,5375.0,3156.0,"Beeville, TX Micro Area",13300
18627.0,13754.0,4873.0,"Bellefontaine, OH Micro Area",13340
83475.0,51560.0,31915.0,"Bellingham, WA Metro Area",13380
17076.0,11648.0,5428.0,"Bemidji, MN Micro Area",13420
69631.0,45441.0,24190.0,"Bend-Redmond, OR Metro Area",13460
9703.0,6429.0,3274.0,"Bennettsville, SC Micro Area",13500
15280.0,11139.0,4141.0,"Bennington, VT Micro Area",13540
16599.0,12030.0,4569.0,"Berlin, NH-VT Micro Area",13620
15641.0,11567.0,4074.0,"Big Rapids, MI Micro Area",13660
11507.0,7849.0,3658.0,"Big Spring, TX Micro Area",13700
22986.0,15953.0,7033.0,"Big Stone Gap, VA Micro Area",13720
68910.0,47379.0,21531.0,"Billings, MT Metro Area",13740
98817.0,67191.0,31626.0,"Binghamton, NY Metro Area",13780
440261.0,304606.0,135655.0,"Birmingham-Hoover, AL Metro Area",13820
54049.0,37566.0,16483.0,"Bismarck, ND Metro Area",13900
14903.0,11147.0,3756.0,"Blackfoot, ID Micro Area",13940
69179.0,43190.0,25989.0,"Blacksburg-Christiansburg-Radford, VA Metro Area",13980
42349.0,31263.0,11086.0,"Bluefield, WV-VA Micro Area",14140
72774.0,48081.0,24693.0,"Bloomington, IL Metro Area",14010
63565.0,36555.0,27010.0,"Bloomington, IN Metro Area",14020
33987.0,23629.0,10358.0,"Bloomsburg-Berwick, PA Metro Area",14100
17238.0,9722.0,7516.0,"Blytheville, AR Micro Area",14180
17542.0,12545.0,4997.0,"Bogalusa, LA Micro Area",14220
247290.0,169215.0,78075.0,"Boise City, ID Metro Area",14260
12027.0,8977.0,3050.0,"Bonham, TX Micro Area",14300
10998.0,8303.0,2695.0,"Boone, IA Micro Area",14340
20331.0,11976.0,8355.0,"Boone, NC Micro Area",14380
7799.0,6202.0,1597.0,"Borger, TX Micro Area",14420
1804136.0,1113637.0,690499.0,"Boston-Cambridge-Newton, MA-NH Metro Area",14460
125026.0,77815.0,47211.0,"Boulder, CO Metro Area",14500
64088.0,40439.0,23649.0,"Bowling Green, KY Metro Area",14540
40723.0,25089.0,15634.0,"Bozeman, MT Micro Area",14580
17199.0,12696.0,4503.0,"Bradford, PA Micro Area",14620
39279.0,30384.0,8895.0,"Brainerd, MN Micro Area",14660
35022.0,23479.0,11543.0,"Branson, MO Micro Area",14700
9455.0,6287.0,3168.0,"Breckenridge, CO Micro Area",14720
100484.0,67077.0,33407.0,"Bremerton-Silverdale, WA Metro Area",14740
12205.0,9398.0,2807.0,"Brenham, TX Micro Area",14780
14125.0,10726.0,3399.0,"Brevard, NC Micro Area",14820
337678.0,228666.0,109012.0,"Bridgeport-Stamford-Norwalk, CT Metro Area",14860
7104.0,4258.0,2846.0,"Brownsville, TN Micro Area",15140
12806.0,9591.0,3215.0,"Brookhaven, MS Micro Area",15020
10382.0,7009.0,3373.0,"Brookings, OR Micro Area",15060
12602.0,7512.0,5090.0,"Brookings, SD Micro Area",15100
122188.0,82068.0,40120.0,"Brownsville-Harlingen, TX Metro Area",15180
13835.0,10038.0,3797.0,"Brownwood, TX Micro Area",15220
45588.0,30076.0,15512.0,"Brunswick, GA Metro Area",15260
17833.0,12356.0,5477.0,"Bucyrus, OH Micro Area",15340
474349.0,314100.0,160249.0,"Buffalo-Cheektowaga-Niagara Falls, NY Metro Area",15380
15184.0,10682.0,4502.0,"Burley, ID Micro Area",15420
19791.0,14492.0,5299.0,"Burlington, IA-IL Micro Area",15460
63035.0,41213.0,21822.0,"Burlington, NC Metro Area",15500
86507.0,57190.0,29317.0,"Burlington-South Burlington, VT Metro Area",15540
15256.0,10138.0,5118.0,"Butte-Silver Bow, MT Micro Area",15580
19046.0,14876.0,4170.0,"Cadillac, MI Micro Area",15620
19959.0,12818.0,7141.0,"Calhoun, GA Micro Area",15660
39276.0,28257.0,11019.0,"California-Lexington Park, MD Metro Area",15680
12940.0,8518.0,4422.0,"Cambridge, MD Micro Area",15700
16065.0,11505.0,4560.0,"Cambridge, OH Micro Area",15740
12077.0,8448.0,3629.0,"Camden, AR Micro Area",15780
162954.0,112718.0,50236.0,"Canton-Massillon, OH Metro Area",15940
9669.0,6107.0,3562.0,"Campbellsville, KY Micro Area",15820
16762.0,12556.0,4206.0,"Cañon City, CO Micro Area",15860
14069.0,10906.0,3163.0,"Canton, IL Micro Area",15900
264325.0,184567.0,79758.0,"Cape Coral-Fort Myers, FL Metro Area",15980
8675.0,6517.0,2158.0,"Carroll, IA Micro Area",16140
36850.0,24939.0,11911.0,"Cape Girardeau, MO-IL Metro Area",16020
50804.0,32102.0,18702.0,"Carbondale-Marion, IL Metro Area",16060
21273.0,15012.0,6261.0,"Carlsbad-Artesia, NM Micro Area",16100
22158.0,12191.0,9967.0,"Carson City, NV Metro Area",16180
32984.0,21976.0,11008.0,"Casper, WY Metro Area",16220
15575.0,10023.0,5552.0,"Cedar City, UT Micro Area",16260
107512.0,80677.0,26835.0,"Cedar Rapids, IA Metro Area",16300
14949.0,9646.0,5303.0,"Cedartown, GA Micro Area",16340
16142.0,12497.0,3645.0,"Celina, OH Micro Area",16380
11416.0,8885.0,2531.0,"Central City, KY Micro Area",16420
16001.0,11893.0,4108.0,"Centralia, IL Micro Area",16460
30036.0,20666.0,9370.0,"Centralia, WA Micro Area",16500
60102.0,42413.0,17689.0,"Chambersburg-Waynesboro, PA Metro Area",16540
93778.0,53892.0,39886.0,"Champaign-Urbana, IL Metro Area",16580
92930.0,65356.0,27574.0,"Charleston, WV Metro Area",16620
25293.0,16385.0,8908.0,"Charleston-Mattoon, IL Micro Area",16660
281245.0,182912.0,98333.0,"Charleston-North Charleston, SC Metro Area",16700
906355.0,593123.0,313232.0,"Charlotte-Concord-Gastonia, NC-SC Metro Area",16740
87705.0,56321.0,31384.0,"Charlottesville, VA Metro Area",16820
212307.0,143494.0,68813.0,"Chattanooga, TN-GA Metro Area",16860
38447.0,26650.0,11797.0,"Cheyenne, WY Metro Area",16940
3481330.0,2241465.0,1239865.0,"Chicago-Naperville-Elgin, IL-IN-WI Metro Area",16980
89032.0,64071.0,24961.0,"Claremont-Lebanon, NH-VT Micro Area",17200
86167.0,50844.0,35323.0,"Chico, CA Metro Area",17020
28526.0,20075.0,8451.0,"Chillicothe, OH Micro Area",17060
838070.0,553653.0,284417.0,"Cincinnati, OH-KY-IN Metro Area",17140
36820.0,27947.0,8873.0,"Clarksburg, WV Micro Area",17220
8969.0,4596.0,4373.0,"Clarksdale, MS Micro Area",17260
100161.0,57597.0,42564.0,"Clarksville, TN-KY Metro Area",17300
26327.0,17362.0,8965.0,"Clearlake, CA Micro Area",17340
12267.0,6800.0,5467.0,"Cleveland, MS Micro Area",17380
46638.0,31475.0,15163.0,"Cleveland, TN Metro Area",17420
853766.0,555990.0,297776.0,"Cleveland-Elyria, OH Metro Area",17460
12098.0,7915.0,4183.0,"Clewiston, FL Micro Area",17500
19877.0,14759.0,5118.0,"Clinton, IA Micro Area",17540
18470.0,10664.0,7806.0,"Clovis, NM Micro Area",17580
13783.0,10507.0,3276.0,"Coamo, PR Micro Area",17620
10718.0,8679.0,2039.0,"Coco, PR Micro Area",17640
58873.0,41729.0,17144.0,"Coeur d'Alene, ID Metro Area",17660
13619.0,9559.0,4060.0,"Coffeyville, KS Micro Area",17700
16415.0,12376.0,4039.0,"Coldwater, MI Micro Area",17740
90343.0,45064.0,45279.0,"College Station-Bryan, TX Metro Area",17780
259821.0,166105.0,93716.0,"Colorado Springs, CO Metro Area",17820
68898.0,37742.0,31156.0,"Columbia, MO Metro Area",17860
305203.0,205117.0,100086.0,"Columbia, SC Metro Area",17900
113725.0,62104.0,51621.0,"Columbus, GA-AL Metro Area",17980
8312.0,4909.0,3403.0,"Cordele, GA Micro Area",18380
9410.0,6473.0,2937.0,"Connersville, IN Micro Area",18220
44127.0,29025.0,15102.0,"Cookeville, TN Micro Area",18260
26473.0,17261.0,9212.0,"Coos Bay, OR Micro Area",18300
14675.0,10303.0,4372.0,"Corinth, MS Micro Area",18420
15106.0,11361.0,3745.0,"Cornelia, GA Micro Area",18460
40351.0,28956.0,11395.0,"Corning, NY Micro Area",18500
161632.0,97050.0,64582.0,"Corpus Christi, TX Metro Area",18580
17326.0,11889.0,5437.0,"Corsicana, TX Micro Area",18620
17925.0,11598.0,6327.0,"Cortland, NY Micro Area",18660
34775.0,19787.0,14988.0,"Corvallis, OR Metro Area",18700
14367.0,10812.0,3555.0,"Coshocton, OH Micro Area",18740
5103.0,3563.0,1540.0,"Craig, CO Micro Area",18780
14993.0,10742.0,4251.0,"Crawfordsville, IN Micro Area",18820
9683.0,5996.0,3687.0,"Crescent City, CA Micro Area",18860
102023.0,66583.0,35440.0,"Crestview-Fort Walton Beach-Destin, FL Metro Area",18880
25114.0,19627.0,5487.0,"Crossville, TN Micro Area",18900
31097.0,23271.0,7826.0,"Cullman, AL Micro Area",18980
775065.0,476314.0,298751.0,"Columbus, OH Metro Area",18140
57247.0,40616.0,16631.0,"Concord, NH Micro Area",18180
2494426.0,1491343.0,1003083.0,"Dallas-Fort Worth-Arlington, TX Metro Area",19100
31472.0,22345.0,9127.0,"Columbus, IN Metro Area",18020
22630.0,13872.0,8758.0,"Columbus, MS Micro Area",18060
12937.0,9207.0,3730.0,"Columbus, NE Micro Area",18100
16218.0,10565.0,5653.0,"Cullowhee, NC Micro Area",19000
39033.0,26640.0,12393.0,"Cumberland, MD-WV Metro Area",19060
49560.0,31455.0,18105.0,"Dalton, GA Metro Area",19140
31355.0,21928.0,9427.0,"Danville, IL Metro Area",19180
20661.0,14426.0,6235.0,"Danville, KY Micro Area",19220
45204.0,29912.0,15292.0,"Danville, VA Micro Area",19260
76133.0,55470.0,20663.0,"Daphne-Fairhope-Foley, AL Metro Area",19300
153775.0,108617.0,45158.0,"Davenport-Moline-Rock Island, IA-IL Metro Area",19340
329097.0,208489.0,120608.0,"Dayton, OH Metro Area",19380
12607.0,8882.0,3725.0,"Dayton, TN Micro Area",19420
58960.0,43301.0,15659.0,"Decatur, AL Metro Area",19460
44310.0,30998.0,13312.0,"Decatur, IL Metro Area",19500
12453.0,9491.0,2962.0,"Decatur, IN Micro Area",19540
15309.0,11663.0,3646.0,"Defiance, OH Micro Area",19580
15189.0,9592.0,5597.0,"Del Rio, TX Micro Area",19620
249318.0,176068.0,73250.0,"Deltona-Daytona Beach-Ormond Beach, FL Metro Area",19660
9088.0,5612.0,3476.0,"Deming, NM Micro Area",19700
1075807.0,684913.0,390894.0,"Denver-Aurora-Lakewood, CO Metro Area",19740
13327.0,10189.0,3138.0,"DeRidder, LA Micro Area",19760
242050.0,167956.0,74094.0,"Des Moines-West Des Moines, IA Metro Area",19780
1682662.0,1157286.0,525376.0,"Detroit-Warren-Dearborn, MI Metro Area",19820
11962.0,7950.0,4012.0,"Dickinson, ND Micro Area",19860
13416.0,9905.0,3511.0,"Dixon, IL Micro Area",19940
11339.0,7093.0,4246.0,"Dodge City, KS Micro Area",19980
20714.0,13266.0,7448.0,"Dublin, GA Micro Area",20140
56980.0,38974.0,18006.0,"Dothan, AL Metro Area",20020
14329.0,9468.0,4861.0,"Douglas, GA Micro Area",20060
63381.0,44132.0,19249.0,"Dover, DE Metro Area",20100
31152.0,23969.0,7183.0,"DuBois, PA Micro Area",20180
38076.0,27476.0,10600.0,"Dubuque, IA Metro Area",20220
44657.0,29075.0,15582.0,"Dunn, NC Micro Area",20380
117792.0,84004.0,33788.0,"Duluth, MN-WI Metro Area",20260
6725.0,4294.0,2431.0,"Dumas, TX Micro Area",20300
17252.0,12320.0,4932.0,"Duncan, OK Micro Area",20340
21818.0,14880.0,6938.0,"Durango, CO Micro Area",20420
16911.0,10658.0,6253.0,"Durant, OK Micro Area",20460
217016.0,129731.0,87285.0,"Durham-Chapel Hill, NC Metro Area",20500
15327.0,9428.0,5899.0,"Dyersburg, TN Micro Area",20540
16416.0,11170.0,5246.0,"Eagle Pass, TX Micro Area",20580
16498.0,11599.0,4899.0,"Easton, MD Micro Area",20660
57526.0,44987.0,12539.0,"East Stroudsburg, PA Metro Area",20700
65775.0,43703.0,22072.0,"Eau Claire, WI Metro Area",20740
17765.0,12509.0,5256.0,"Edwards, CO Micro Area",20780
13450.0,10443.0,3007.0,"Effingham, IL Micro Area",20820
15224.0,10269.0,4955.0,"El Campo, TX Micro Area",20900
45198.0,25507.0,19691.0,"El Centro, CA Metro Area",20940
16189.0,11892.0,4297.0,"El Dorado, AR Micro Area",20980
71733.0,49240.0,22493.0,"Elkhart-Goshen, IN Metro Area",21140
24307.0,16170.0,8137.0,"Elizabeth City, NC Micro Area",21020
57306.0,36970.0,20336.0,"Elizabethtown-Fort Knox, KY Metro Area",21060
7573.0,4971.0,2602.0,"Elk City, OK Micro Area",21120
11391.0,8235.0,3156.0,"Elkins, WV Micro Area",21180
18647.0,13155.0,5492.0,"Elko, NV Micro Area",21220
17648.0,10172.0,7476.0,"Ellensburg, WA Micro Area",21260
34664.0,23609.0,11055.0,"Elmira, NY Metro Area",21300
264090.0,162773.0,101317.0,"El Paso, TX Metro Area",21340
13552.0,7795.0,5757.0,"Emporia, KS Micro Area",21380
23798.0,15574.0,8224.0,"Enid, OK Metro Area",21420
19620.0,12822.0,6798.0,"Enterprise, AL Micro Area",21460
110377.0,72959.0,37418.0,"Erie, PA Metro Area",21500
15920.0,12714.0,3206.0,"Escanaba, MI Micro Area",21540
12852.0,9848.0,3004.0,"Española, NM Micro Area",21580
10169.0,6470.0,3699.0,"Eufaula, AL-GA Micro Area",21640
148752.0,87539.0,61213.0,"Eugene, OR Metro Area",21660
53966.0,30500.0,23466.0,"Eureka-Arcata-Fortuna, CA Micro Area",21700
7705.0,5556.0,2149.0,"Evanston, WY Micro Area",21740
127524.0,87109.0,40415.0,"Evansville, IN-KY Metro Area",21780
36396.0,21466.0,14930.0,"Fairbanks, AK Metro Area",21820
6872.0,4623.0,2249.0,"Fairfield, IA Micro Area",21840
8685.0,6478.0,2207.0,"Fairmont, MN Micro Area",21860
22718.0,17074.0,5644.0,"Fairmont, WV Micro Area",21900
9734.0,6261.0,3473.0,"Fallon, NV Micro Area",21980
29399.0,19711.0,9688.0,"Frankfort, KY Micro Area",23180
10795.0,8234.0,2561.0,"Fredericksburg, TX Micro Area",23240
167109.0,116841.0,50268.0,"Fort Wayne, IN Metro Area",23060
11961.0,8552.0,3409.0,"Frankfort, IN Micro Area",23140
19604.0,13537.0,6067.0,"Freeport, IL Micro Area",23300
15090.0,9647.0,5443.0,"Fremont, NE Micro Area",23340
23721.0,16945.0,6776.0,"Fremont, OH Micro Area",23380
301824.0,160001.0,141823.0,"Fresno, CA Metro Area",23420
39061.0,28096.0,10965.0,"Gadsden, AL Metro Area",23460
20480.0,14446.0,6034.0,"Gaffney, SC Micro Area",23500
103884.0,57481.0,46403.0,"Gainesville, FL Metro Area",23540
63095.0,42572.0,20523.0,"Gainesville, GA Metro Area",23580
15185.0,10456.0,4729.0,"Gainesville, TX Micro Area",23620
20981.0,13862.0,7119.0,"Galesburg, IL Micro Area",23660
19764.0,14131.0,5633.0,"Gallup, NM Micro Area",23700
13890.0,8825.0,5065.0,"Garden City, KS Micro Area",23780
20376.0,14143.0,6233.0,"Gardnerville Ranchos, NV Micro Area",23820
24840.0,18992.0,5848.0,"Georgetown, SC Micro Area",23860
38818.0,30191.0,8627.0,"Gettysburg, PA Metro Area",23900
17588.0,12575.0,5013.0,"Gillette, WY Micro Area",23940
20867.0,14212.0,6655.0,"Glasgow, KY Micro Area",23980
41999.0,30647.0,11352.0,"Farmington, NM Metro Area",22140
96492.0,54263.0,42229.0,"Fargo, ND-MN Metro Area",22020
22899.0,17012.0,5887.0,"Faribault-Northfield, MN Micro Area",22060
24661.0,16921.0,7740.0,"Farmington, MO Micro Area",22100
141873.0,75170.0,66703.0,"Fayetteville, NC Metro Area",22180
189693.0,115794.0,73899.0,"Fayetteville-Springdale-Rogers, AR-MO Metro Area",22220
24300.0,19152.0,5148.0,"Fergus Falls, MN Micro Area",22260
20127.0,14248.0,5879.0,"Fernley, NV Micro Area",22280
32049.0,22201.0,9848.0,"Findlay, OH Micro Area",22300
6361.0,3861.0,2500.0,"Fitzgerald, GA Micro Area",22340
47588.0,28235.0,19353.0,"Flagstaff, AZ Metro Area",22380
166838.0,117034.0,49804.0,"Flint, MI Metro Area",22420
78953.0,52715.0,26238.0,"Florence, SC Metro Area",22500
60617.0,42439.0,18178.0,"Florence-Muscle Shoals, AL Metro Area",22520
41387.0,29466.0,11921.0,"Fond du Lac, WI Metro Area",22540
26497.0,18949.0,7548.0,"Forest City, NC Micro Area",22580
9325.0,5462.0,3863.0,"Forrest City, AR Micro Area",22620
130502.0,84626.0,45876.0,"Fort Collins, CO Metro Area",22660
15067.0,10195.0,4872.0,"Fort Dodge, IA Micro Area",22700
15375.0,7404.0,7971.0,"Fort Leonard Wood, MO Micro Area",22780
24634.0,18906.0,5728.0,"Fort Madison-Keokuk, IA-IL-MO Micro Area",22800
10599.0,6809.0,3790.0,"Fort Morgan, CO Micro Area",22820
25482.0,18155.0,7327.0,"Fort Payne, AL Micro Area",22840
17930.0,9399.0,8531.0,"Fort Polk South, LA Micro Area",22860
7823.0,3725.0,4098.0,"Helena-West Helena, AR Micro Area",25760
107937.0,72532.0,35405.0,"Fort Smith, AR-OK Metro Area",22900
54561.0,34138.0,20423.0,"Hattiesburg, MS Metro Area",25620
11647.0,7214.0,4433.0,"Hays, KS Micro Area",25700
9040.0,6309.0,2731.0,"Heber, UT Micro Area",25720
32046.0,22765.0,9281.0,"Helena, MT Micro Area",25740
17029.0,9980.0,7049.0,"Henderson, NC Micro Area",25780
6118.0,3978.0,2140.0,"Hereford, TX Micro Area",25820
30912.0,19758.0,11154.0,"Hermiston-Pendleton, OR Micro Area",25840
140700.0,99888.0,40812.0,"Hickory-Lenoir-Morganton, NC Metro Area",25860
17896.0,13684.0,4212.0,"Hillsdale, MI Micro Area",25880
67054.0,44942.0,22112.0,"Hilo, HI Micro Area",25900
78505.0,55230.0,23275.0,"Hilton Head Island-Bluffton-Beaufort, SC Metro Area",25940
28507.0,14064.0,14443.0,"Hinesville, GA Metro Area",25980
27617.0,20327.0,7290.0,"Guayama, PR Metro Area",25020
147769.0,93163.0,54606.0,"Gulfport-Biloxi-Pascagoula, MS Metro Area",25060
6989.0,4529.0,2460.0,"Guymon, OK Micro Area",25100
98455.0,67465.0,30990.0,"Hagerstown-Martinsburg, MD-WV Metro Area",25180
10252.0,6915.0,3337.0,"Hailey, ID Micro Area",25200
47598.0,32452.0,15146.0,"Hammond, LA Metro Area",25220
42349.0,21925.0,20424.0,"Hanford-Corcoran, CA Metro Area",25260
15305.0,10528.0,4777.0,"Hannibal, MO Micro Area",25300
227344.0,154446.0,72898.0,"Harrisburg-Carlisle, PA Metro Area",25420
18039.0,13412.0,4627.0,"Harrison, AR Micro Area",25460
47351.0,28796.0,18555.0,"Harrisonburg, VA Metro Area",25500
470348.0,314176.0,156172.0,"Hartford-West Hartford-East Hartford, CT Metro Area",25540
12659.0,8645.0,4014.0,"Hastings, NE Micro Area",25580
47587.0,28964.0,18623.0,"Goldsboro, NC Metro Area",24140
51237.0,37036.0,14201.0,"Glens Falls, NY Metro Area",24020
28395.0,18666.0,9729.0,"Glenwood Springs, CO Micro Area",24060
22535.0,16085.0,6450.0,"Gloversville, NY Micro Area",24100
42325.0,23835.0,18490.0,"Grand Forks, ND-MN Metro Area",24220
32446.0,21575.0,10871.0,"Grand Island, NE Metro Area",24260
60562.0,40554.0,20008.0,"Grand Junction, CO Metro Area",24300
19356.0,15559.0,3797.0,"Grand Rapids, MN Micro Area",24330
383745.0,277744.0,106001.0,"Grand Rapids-Wyoming, MI Metro Area",24340
9068.0,6450.0,2618.0,"Grants, NM Micro Area",24380
35614.0,23631.0,11983.0,"Grants Pass, OR Metro Area",24420
11288.0,7752.0,3536.0,"Great Bend, KS Micro Area",24460
34383.0,22559.0,11824.0,"Great Falls, MT Metro Area",24500
99817.0,71451.0,28366.0,"Greeley, CO Metro Area",24540
127135.0,86728.0,40407.0,"Green Bay, WI Metro Area",24580
27319.0,19864.0,7455.0,"Greeneville, TN Micro Area",24620
30512.0,21024.0,9488.0,"Greenfield Town, MA Micro Area",24640
293839.0,183662.0,110177.0,"Greensboro-High Point, NC Metro Area",24660
10354.0,7182.0,3172.0,"Greensburg, IN Micro Area",24700
18249.0,9945.0,8304.0,"Greenville, MS Micro Area",24740
68805.0,35957.0,32848.0,"Greenville, NC Metro Area",24780
20803.0,15073.0,5730.0,"Greenville, OH Micro Area",24820
7889.0,5392.0,2497.0,"Grenada, MS Micro Area",24980
334042.0,226476.0,107566.0,"Greenville-Anderson-Mauldin, SC Metro Area",24860
14069.0,8071.0,5998.0,"Greenwood, MS Micro Area",24900
36414.0,24601.0,11813.0,"Greenwood, SC Micro Area",24940
8543.0,5451.0,3092.0,"Hood River, OR Micro Area",26220
22029.0,14999.0,7030.0,"Hobbs, NM Micro Area",26020
42556.0,34873.0,7683.0,"Holland, MI Micro Area",26090
62488.0,50556.0,11932.0,"Homosassa Springs, FL Metro Area",26140
11382.0,8032.0,3350.0,"Hope, AR Micro Area",26260
40062.0,26839.0,13223.0,"Hot Springs, AR Metro Area",26300
14170.0,9885.0,4285.0,"Houghton, MI Micro Area",26340
76330.0,55738.0,20592.0,"Houma-Thibodaux, LA Metro Area",26380
2271561.0,1373056.0,898505.0,"Houston-The Woodlands-Sugar Land, TX Metro Area",26420
25470.0,18429.0,7041.0,"Hudson, NY Micro Area",26460
16935.0,12724.0,4211.0,"Huntingdon, PA Micro Area",26500
14616.0,11159.0,3457.0,"Huntington, IN Micro Area",26540
143263.0,101729.0,41534.0,"Huntington-Ashland, WV-KY-OH Metro Area",26580
174639.0,121010.0,53629.0,"Huntsville, AL Metro Area",26620
27228.0,15857.0,11371.0,"Huntsville, TX Micro Area",26660
7651.0,5129.0,2522.0,"Huron, SD Micro Area",26700
25015.0,17186.0,7829.0,"Hutchinson, KS Micro Area",26740
14760.0,11558.0,3202.0,"Hutchinson, MN Micro Area",26780
47919.0,34851.0,13068.0,"Idaho Falls, ID Metro Area",26820
34030.0,23857.0,10173.0,"Indiana, PA Micro Area",26860
759549.0,494391.0,265158.0,"Indianapolis-Carmel-Anderson, IN Metro Area",26900
8505.0,4784.0,3721.0,"Indianola, MS Micro Area",26940
22625.0,17634.0,4991.0,"Ionia, MI Micro Area",26960
66092.0,40323.0,25769.0,"Iowa City, IA Metro Area",26980
210526.0,141852.0,68674.0,"Jackson, MS Metro Area",27140
13248.0,10488.0,2760.0,"Iron Mountain, MI-WI Micro Area",27020
38986.0,21630.0,17356.0,"Ithaca, NY Metro Area",27060
61418.0,44932.0,16486.0,"Jackson, MI Metro Area",27100
12964.0,8883.0,4081.0,"Jackson, OH Micro Area",27160
48508.0,31781.0,16727.0,"Jackson, TN Metro Area",27180
12559.0,7884.0,4675.0,"Jackson, WY-ID Micro Area",27220
542219.0,348827.0,193392.0,"Jacksonville, FL Metro Area",27260
16005.0,11175.0,4830.0,"Jacksonville, IL Micro Area",27300
21620.0,16938.0,4682.0,"Jasper, IN Micro Area",27540
63093.0,33135.0,29958.0,"Jacksonville, NC Metro Area",27340
17885.0,13172.0,4713.0,"Jacksonville, TX Micro Area",27380
9199.0,5979.0,3220.0,"Jamestown, ND Micro Area",27420
52983.0,37098.0,15885.0,"Jamestown-Dunkirk-Fredonia, NY Micro Area",27460
64482.0,44273.0,20209.0,"Janesville-Beloit, WI Metro Area",27500
4818.0,3019.0,1799.0,"Jayuya, PR Micro Area",27580
21785.0,16780.0,5005.0,"Jefferson, GA Micro Area",27600
56228.0,39812.0,16416.0,"Jefferson City, MO Metro Area",27620
11435.0,8170.0,3265.0,"Jennings, LA Micro Area",27660
10362.0,6537.0,3825.0,"Jesup, GA Micro Area",27700
84095.0,56232.0,27863.0,"Johnson City, TN Metro Area",27740
57154.0,42455.0,14699.0,"Johnstown, PA Metro Area",27780
49321.0,29376.0,19945.0,"Jonesboro, AR Metro Area",27860
68160.0,45574.0,22586.0,"Joplin, MO Metro Area",27900
12923.0,5044.0,7879.0,"Junction City, KS Micro Area",27920
12273.0,8033.0,4240.0,"Juneau, AK Micro Area",27940
54434.0,32225.0,22209.0,"Kahului-Wailuku-Lahaina, HI Metro Area",27980
815314.0,531436.0,283878.0,"Kansas City, MO-KS Metro Area",28140
131513.0,87692.0,43821.0,"Kalamazoo-Portage, MI Metro Area",28020
38006.0,27350.0,10656.0,"Kalispell, MT Micro Area",28060
40239.0,27511.0,12728.0,"Kankakee, IL Metro Area",28100
22563.0,14213.0,8350.0,"Kapaa, HI Micro Area",28180
21668.0,13837.0,7831.0,"Kearney, NE Micro Area",28260
30529.0,21453.0,9076.0,"Keene, NH Micro Area",28300
18205.0,13543.0,4662.0,"Kendallville, IN Micro Area",28340
12760.0,8071.0,4689.0,"Kennett, MO Micro Area",28380
96198.0,65771.0,30427.0,"Kennewick-Richland, WA Metro Area",28420
20580.0,14660.0,5920.0,"Kerrville, TX Micro Area",28500
5270.0,3261.0,2009.0,"Ketchikan, AK Micro Area",28540
30198.0,17724.0,12474.0,"Key West, FL Micro Area",28580
16803.0,11761.0,5042.0,"Kill Devil Hills, NC Micro Area",28620
146569.0,82441.0,64128.0,"Killeen-Temple, TX Metro Area",28660
128545.0,93709.0,34836.0,"Kingsport-Bristol-Bristol, TN-VA Metro Area",28700
69662.0,48343.0,21319.0,"Kingston, NY Metro Area",28740
11110.0,5851.0,5259.0,"Kingsville, TX Micro Area",28780
23263.0,13992.0,9271.0,"Kinston, NC Micro Area",28820
11264.0,6898.0,4366.0,"Kirksville, MO Micro Area",28860
27171.0,17659.0,9512.0,"Klamath Falls, OR Micro Area",28900
344088.0,235932.0,108156.0,"Knoxville, TN Metro Area",28940
179928.0,124817.0,55111.0,"Lafayette, LA Metro Area",29180
34538.0,23580.0,10958.0,"Kokomo, IN Metro Area",29020
24579.0,18619.0,5960.0,"Laconia, NH Micro Area",29060
55080.0,36497.0,18583.0,"La Crosse-Onalaska, WI-MN Metro Area",29100
79987.0,46160.0,33827.0,"Lafayette-West Lafayette, IN Metro Area",29200
10291.0,6512.0,3779.0,"La Grande, OR Micro Area",29260
24679.0,14074.0,10605.0,"LaGrange, GA Micro Area",29300
79816.0,54554.0,25262.0,"Lake Charles, LA Metro Area",29340
24722.0,18051.0,6671.0,"Lake City, FL Micro Area",29380
83902.0,57336.0,26566.0,"Lake Havasu City-Kingman, AZ Metro Area",29420
226604.0,154703.0,71901.0,"Lakeland-Winter Haven, FL Metro Area",29460
4339.0,3085.0,1254.0,"Lamesa, TX Micro Area",29500
198565.0,135368.0,63197.0,"Lancaster, PA Metro Area",29540
185380.0,119698.0,65682.0,"Lansing-East Lansing, MI Metro Area",29620
16009.0,7940.0,8069.0,"Laramie, WY Micro Area",29660
72379.0,45601.0,26778.0,"Laredo, TX Metro Area",29700
76740.0,48139.0,28601.0,"Las Cruces, NM Metro Area",29740
11041.0,7770.0,3271.0,"Las Vegas, NM Micro Area",29780
749858.0,395201.0,354657.0,"Las Vegas-Henderson-Paradise, NV Metro Area",29820
31480.0,23640.0,7840.0,"Laurel, MS Micro Area",29860
13273.0,8235.0,5038.0,"Laurinburg, NC Micro Area",29900
44945.0,23201.0,21744.0,"Lawrence, KS Metro Area",29940
16101.0,11887.0,4214.0,"Lawrenceburg, TN Micro Area",29980
8065.0,5533.0,2532.0,"Levelland, TX Micro Area",30220
45222.0,24825.0,20397.0,"Lawton, OK Metro Area",30020
13825.0,9350.0,4475.0,"Lebanon, MO Micro Area",30060
52792.0,36703.0,16089.0,"Lebanon, PA Metro Area",30140
14702.0,10404.0,4298.0,"Lewisburg, PA Micro Area",30260
12008.0,8608.0,3400.0,"Lewisburg, TN Micro Area",30280
25543.0,18086.0,7457.0,"Lewiston, ID-WA Metro Area",30300
45263.0,28953.0,16310.0,"Lewiston-Auburn, ME Metro Area",30340
18939.0,13299.0,5640.0,"Lewistown, PA Micro Area",30380
9783.0,6563.0,3220.0,"Lexington, NE Micro Area",30420
197974.0,115513.0,82461.0,"Lexington-Fayette, KY Metro Area",30460
7573.0,4986.0,2587.0,"Liberal, KS Micro Area",30580
40319.0,26645.0,13674.0,"Lima, OH Metro Area",30620
11011.0,8016.0,2995.0,"Lincoln, IL Micro Area",30660
127458.0,77250.0,50208.0,"Lincoln, NE Metro Area",30700
279408.0,178727.0,100681.0,"Little Rock-North Little Rock-Conway, AR Metro Area",30780
14675.0,10378.0,4297.0,"Lock Haven, PA Micro Area",30820
41115.0,26677.0,14438.0,"Logan, UT-ID Metro Area",30860
13978.0,10337.0,3641.0,"Logan, WV Micro Area",30880
14840.0,10956.0,3884.0,"Logansport, IN Micro Area",30900
47823.0,32505.0,15318.0,"London, KY Micro Area",30940
77658.0,51344.0,26314.0,"Longview, TX Metro Area",30980
25378.0,18744.0,6634.0,"Marietta, OH Micro Area",31930
34119.0,25605.0,8514.0,"Manitowoc, WI Micro Area",31820
38220.0,25066.0,13154.0,"Mankato-North Mankato, MN Metro Area",31860
47987.0,32498.0,15489.0,"Mansfield, OH Metro Area",31900
29141.0,22157.0,6984.0,"Marinette, WI-MI Micro Area",31940
26122.0,17858.0,8264.0,"Marion, IN Micro Area",31980
40668.0,26975.0,13693.0,"Longview, WA Metro Area",31020
7525.0,5543.0,1982.0,"Los Alamos, NM Micro Area",31060
4320174.0,2100915.0,2219259.0,"Los Angeles-Long Beach-Anaheim, CA Metro Area",31080
498979.0,334489.0,164490.0,"Louisville/Jefferson County, KY-IN Metro Area",31140
114486.0,64584.0,49902.0,"Lubbock, TX Metro Area",31180
12186.0,9398.0,2788.0,"Ludington, MI Micro Area",31220
30931.0,20424.0,10507.0,"Lufkin, TX Micro Area",31260
46163.0,29859.0,16304.0,"Lumberton, NC Micro Area",31300
99743.0,70222.0,29521.0,"Lynchburg, VA Metro Area",31340
11481.0,7659.0,3822.0,"Macomb, IL Micro Area",31380
85039.0,52003.0,33036.0,"Macon-Bibb County, GA Metro Area",31420
44458.0,27701.0,16757.0,"Madera, CA Metro Area",31460
12677.0,9093.0,3584.0,"Madison, IN Micro Area",31500
265003.0,161935.0,103068.0,"Madison, WI Metro Area",31540
18546.0,13078.0,5468.0,"Madisonville, KY Micro Area",31580
9337.0,6138.0,3199.0,"Magnolia, AR Micro Area",31620
18956.0,13820.0,5136.0,"Malone, NY Micro Area",31660
12291.0,9197.0,3094.0,"Malvern, AR Micro Area",31680
158139.0,104138.0,54001.0,"Manchester-Nashua, NH Metro Area",31700
35196.0,17952.0,17244.0,"Manhattan, KS Metro Area",31740
11063.0,7187.0,3876.0,"Middlesborough, KY Micro Area",33180
33986.0,25791.0,8195.0,"Midland, MI Metro Area",33220
2077708.0,1241468.0,836240.0,"Miami-Fort Lauderdale-West Palm Beach, FL Metro Area",33100
42975.0,30717.0,12258.0,"Michigan City-La Porte, IN Metro Area",33140
56680.0,38011.0,18669.0,"Midland, TX Metro Area",33260
19300.0,11335.0,7965.0,"Milledgeville, GA Micro Area",33300
627823.0,377457.0,250366.0,"Milwaukee-Waukesha-West Allis, WI Metro Area",33340
10441.0,7331.0,3110.0,"Mineral Wells, TX Micro Area",33420
1355503.0,948052.0,407451.0,"Minneapolis-St. Paul-Bloomington, MN-WI Metro Area",33460
31123.0,19404.0,11719.0,"Minot, ND Micro Area",33500
47963.0,28234.0,19729.0,"Missoula, MT Metro Area",33540
171324.0,97790.0,73534.0,"Modesto, CA Metro Area",33700
9757.0,6220.0,3537.0,"Mitchell, SD Micro Area",33580
8348.0,6298.0,2050.0,"Moberly, MO Micro Area",33620
153794.0,102051.0,51743.0,"Mobile, AL Metro Area",33660
64770.0,40216.0,24554.0,"Monroe, LA Metro Area",33740
58652.0,47019.0,11633.0,"Monroe, MI Metro Area",33780
144254.0,92901.0,51353.0,"Montgomery, AL Metro Area",33860
16951.0,11728.0,5223.0,"Montrose, CO Micro Area",33940
30000.0,21801.0,8199.0,"Morehead City, NC Micro Area",33980
9457.0,6436.0,3021.0,"Mexico, MO Micro Area",33020
12020.0,8245.0,3775.0,"Miami, OK Micro Area",33060
10060.0,6862.0,3198.0,"Marshall, MN Micro Area",32140
17970.0,12804.0,5166.0,"Marion, NC Micro Area",32000
24699.0,16884.0,7815.0,"Marion, OH Micro Area",32020
26199.0,18328.0,7871.0,"Marquette, MI Micro Area",32100
8754.0,6006.0,2748.0,"Marshall, MO Micro Area",32180
23363.0,17328.0,6035.0,"Marshall, TX Micro Area",32220
15541.0,10902.0,4639.0,"Marshalltown, IA Micro Area",32260
13607.0,9060.0,4547.0,"Martin, TN Micro Area",32280
27901.0,19385.0,8516.0,"Martinsville, VA Micro Area",32300
8493.0,4761.0,3732.0,"Maryville, MO Micro Area",32340
22380.0,15798.0,6582.0,"Mason City, IA Micro Area",32380
36040.0,22086.0,13954.0,"Mayagüez, PR Metro Area",32420
14299.0,10558.0,3741.0,"Mayfield, KY Micro Area",32460
6737.0,4571.0,2166.0,"Maysville, KY Micro Area",32500
17828.0,12969.0,4859.0,"McAlester, OK Micro Area",32540
232523.0,156949.0,75574.0,"McAllen-Edinburg-Mission, TX Metro Area",32580
19956.0,14519.0,5437.0,"McComb, MS Micro Area",32620
15755.0,10794.0,4961.0,"McMinnville, TN Micro Area",32660
12077.0,8662.0,3415.0,"McPherson, KS Micro Area",32700
35102.0,25551.0,9551.0,"Meadville, PA Micro Area",32740
86195.0,54232.0,31963.0,"Medford, OR Metro Area",32780
495596.0,298897.0,196699.0,"Memphis, TN-MS-AR Metro Area",32820
16652.0,11405.0,5247.0,"Menomonie, WI Micro Area",32860
79261.0,41206.0,38055.0,"Merced, CA Metro Area",32900
39952.0,27719.0,12233.0,"Meridian, MS Micro Area",32940
12560.0,9732.0,2828.0,"Merrill, WI Micro Area",32980
691266.0,453699.0,237567.0,"Nashville-Davidson--Murfreesboro--Franklin, TN Metro Area",34980
23825.0,13308.0,10517.0,"Nacogdoches, TX Micro Area",34860
49044.0,30954.0,18090.0,"Napa, CA Metro Area",34900
138131.0,99624.0,38507.0,"Naples-Immokalee-Marco Island, FL Metro Area",34940
15448.0,8230.0,7218.0,"Moscow, ID Micro Area",34140
20032.0,12515.0,7517.0,"Morgan City, LA Micro Area",34020
50830.0,32309.0,18521.0,"Morgantown, WV Metro Area",34060
44431.0,30832.0,13599.0,"Morristown, TN Metro Area",34100
30512.0,18928.0,11584.0,"Moses Lake, WA Micro Area",34180
15599.0,9277.0,6322.0,"Moultrie, GA Micro Area",34220
18398.0,13864.0,4534.0,"Mountain Home, AR Micro Area",34260
10062.0,5823.0,4239.0,"Mountain Home, ID Micro Area",34300
29256.0,21363.0,7893.0,"Mount Airy, NC Micro Area",34340
24898.0,15307.0,9591.0,"Mount Pleasant, MI Micro Area",34380
10675.0,7163.0,3512.0,"Mount Pleasant, TX Micro Area",34420
17450.0,12347.0,5103.0,"Mount Sterling, KY Micro Area",34460
15244.0,11179.0,4065.0,"Mount Vernon, IL Micro Area",34500
23229.0,16571.0,6658.0,"Mount Vernon, OH Micro Area",34540
47341.0,32080.0,15261.0,"Mount Vernon-Anacortes, WA Metro Area",34580
46304.0,29732.0,16572.0,"Muncie, IN Metro Area",34620
14757.0,9383.0,5374.0,"Murray, KY Micro Area",34660
16414.0,11892.0,4522.0,"Muscatine, IA Micro Area",34700
65216.0,48466.0,16750.0,"Muskegon, MI Metro Area",34740
26097.0,17364.0,8733.0,"Muskogee, OK Micro Area",34780
178272.0,128469.0,49803.0,"Myrtle Beach-Conway-North Myrtle Beach, SC-NC Metro Area",34820
14893.0,10844.0,4049.0,"Newberry, SC Micro Area",35140
18949.0,11911.0,7038.0,"Natchez, MS-LA Micro Area",35020
14549.0,7275.0,7274.0,"Natchitoches, LA Micro Area",35060
50114.0,32718.0,17396.0,"New Bern, NC Metro Area",35100
480817.0,297802.0,183015.0,"New Orleans-Metairie, LA Metro Area",35380
18096.0,13227.0,4869.0,"New Castle, IN Micro Area",35220
36742.0,27219.0,9523.0,"New Castle, PA Micro Area",35260
327402.0,204037.0,123365.0,"New Haven-Milford, CT Metro Area",35300
36548.0,25837.0,10711.0,"New Philadelphia-Dover, OH Micro Area",35420
20674.0,13145.0,7529.0,"Newport, OR Micro Area",35440
14592.0,9964.0,4628.0,"Newport, TN Micro Area",35460
14533.0,10716.0,3817.0,"Newton, IA Micro Area",35500
15568.0,10468.0,5100.0,"Nogales, AZ Micro Area",35700
10668.0,8304.0,2364.0,"New Ulm, MN Micro Area",35580
7168027.0,3721950.0,3446077.0,"New York-Newark-Jersey City, NY-NJ-PA Metro Area",35620
63035.0,43694.0,19341.0,"Niles-Benton Harbor, MI Metro Area",35660
19572.0,13679.0,5893.0,"Norfolk, NE Micro Area",35740
15583.0,10035.0,5548.0,"North Platte, NE Micro Area",35820
318253.0,230799.0,87454.0,"North Port-Sarasota-Bradenton, FL Metro Area",35840
10753.0,7987.0,2766.0,"North Vernon, IN Micro Area",35860
27765.0,20691.0,7074.0,"North Wilkesboro, NC Micro Area",35900
22876.0,15996.0,6880.0,"Norwalk, OH Micro Area",35940
107193.0,71447.0,35746.0,"Norwich-New London, CT Metro Area",35980
51475.0,33994.0,17481.0,"Odessa, TX Metro Area",36220
34027.0,23180.0,10847.0,"Oak Harbor, WA Micro Area",36020
134747.0,101514.0,33233.0,"Ocala, FL Metro Area",36100
39861.0,30900.0,8961.0,"Ocean City, NJ Metro Area",36140
202991.0,152572.0,50419.0,"Ogden-Clearfield, UT Metro Area",36260
41638.0,30189.0,11449.0,"Ogdensburg-Massena, NY Micro Area",36300
21925.0,16403.0,5522.0,"Oil City, PA Micro Area",36340
13333.0,9630.0,3703.0,"Okeechobee, FL Micro Area",36380
505879.0,323575.0,182304.0,"Oklahoma City, OK Metro Area",36420
31723.0,22617.0,9106.0,"Olean, NY Micro Area",36460
106229.0,67862.0,38367.0,"Olympia-Tumwater, WA Metro Area",36500
352312.0,230083.0,122229.0,"Omaha-Council Bluffs, NE-IA Metro Area",36540
23627.0,17553.0,6074.0,"Oneonta, NY Micro Area",36580
18833.0,12295.0,6538.0,"Ontario, OR-ID Micro Area",36620
30467.0,21254.0,9213.0,"Opelousas, LA Micro Area",36660
33029.0,22673.0,10356.0,"Orangeburg, SC Micro Area",36700
837022.0,504275.0,332747.0,"Orlando-Kissimmee-Sanford, FL Metro Area",36740
69759.0,45027.0,24732.0,"Oshkosh-Neenah, WI Metro Area",36780
8955.0,6313.0,2642.0,"Oskaloosa, IA Micro Area",36820
5824.0,3745.0,2079.0,"Othello, WA Micro Area",36830
9897.0,7137.0,2760.0,"Ottawa, KS Micro Area",36840
60702.0,44769.0,15933.0,"Ottawa-Peru, IL Micro Area",36860
17786.0,13057.0,4729.0,"Ottumwa, IA Micro Area",36900
14450.0,11050.0,3400.0,"Owatonna, MN Micro Area",36940
46732.0,32324.0,14408.0,"Owensboro, KY Metro Area",36980
270046.0,170678.0,99368.0,"Oxnard-Thousand Oaks-Ventura, CA Metro Area",37100
27623.0,20898.0,6725.0,"Owosso, MI Micro Area",37020
19767.0,11551.0,8216.0,"Oxford, MS Micro Area",37060
20945.0,15367.0,5578.0,"Oxford, NC Micro Area",37080
27951.0,20321.0,7630.0,"Palatka, FL Micro Area",37260
18825.0,11237.0,7588.0,"Ozark, AL Micro Area",37120
40882.0,28442.0,12440.0,"Paducah, KY-IL Micro Area",37140
18077.0,12529.0,5548.0,"Pahrump, NV Micro Area",37220
16567.0,11748.0,4819.0,"Palestine, TX Micro Area",37300
227223.0,163565.0,63658.0,"Palm Bay-Melbourne-Titusville, FL Metro Area",37340
7971.0,5995.0,1976.0,"Pampa, TX Micro Area",37420
73962.0,46834.0,27128.0,"Panama City, FL Metro Area",37460
16821.0,11323.0,5498.0,"Paragould, AR Micro Area",37500
13483.0,10173.0,3310.0,"Paris, TN Micro Area",37540
19085.0,12273.0,6812.0,"Paris, TX Micro Area",37580
38537.0,27712.0,10825.0,"Parkersburg-Vienna, WV Metro Area",37620
8098.0,5727.0,2371.0,"Parsons, KS Micro Area",37660
21585.0,15729.0,5856.0,"Payson, AZ Micro Area",37740
3731.0,2674.0,1057.0,"Pecos, TX Micro Area",37780
13098.0,9313.0,3785.0,"Pella, IA Micro Area",37800
178443.0,116827.0,61616.0,"Pensacola-Ferry Pass-Brent, FL Metro Area",37860
151043.0,108110.0,42933.0,"Peoria, IL Metro Area",37900
13465.0,9459.0,4006.0,"Peru, IN Micro Area",37940
2253471.0,1516332.0,737139.0,"Philadelphia-Camden-Wilmington, PA-NJ-DE-MD Metro Area",37980
34597.0,22769.0,11828.0,"Pine Bluff, AR Metro Area",38220
1623046.0,1005444.0,617602.0,"Phoenix-Mesa-Scottsdale, AZ Metro Area",38060
20710.0,15858.0,4852.0,"Picayune, MS Micro Area",38100
9301.0,6274.0,3027.0,"Pierre, SD Micro Area",38180
38185.0,28402.0,9783.0,"Pinehurst-Southern Pines, NC Micro Area",38240
14974.0,8903.0,6071.0,"Pittsburg, KS Micro Area",38260
1000493.0,699351.0,301142.0,"Pittsburgh, PA Metro Area",38300
55063.0,37987.0,17076.0,"Pittsfield, MA Metro Area",38340
11217.0,6774.0,4443.0,"Plainview, TX Micro Area",38380
19444.0,13448.0,5996.0,"Platteville, WI Micro Area",38420
31680.0,21542.0,10138.0,"Plattsburgh, NY Micro Area",38460
17249.0,13018.0,4231.0,"Plymouth, IN Micro Area",38500
30790.0,21200.0,9590.0,"Pocatello, ID Metro Area",38540
22599.0,17274.0,5325.0,"Point Pleasant, WV-OH Micro Area",38580
17890.0,12328.0,5562.0,"Ponca City, OK Micro Area",38620
107050.0,74327.0,32723.0,"Ponce, PR Metro Area",38660
14379.0,10432.0,3947.0,"Pontiac, IL Micro Area",38700
16550.0,10479.0,6071.0,"Poplar Bluff, MO Micro Area",38740
7125.0,4358.0,2767.0,"Portales, NM Micro Area",38780
32280.0,22480.0,9800.0,"Port Angeles, WA Micro Area",38820
17495.0,13686.0,3809.0,"Port Clinton, OH Micro Area",38840
217941.0,155609.0,62332.0,"Portland-South Portland, ME Metro Area",38860
94343.0,66683.0,27660.0,"Prescott, AZ Metro Area",39140
912368.0,561367.0,351001.0,"Portland-Vancouver-Hillsboro, OR-WA Metro Area",38900
7733.0,5458.0,2275.0,"Port Lavaca, TX Micro Area",38920
173540.0,128122.0,45418.0,"Port St. Lucie, FL Metro Area",38940
30204.0,20470.0,9734.0,"Portsmouth, OH Micro Area",39020
58758.0,43942.0,14816.0,"Pottsville, PA Micro Area",39060
7841.0,5712.0,2129.0,"Price, UT Micro Area",39220
9330.0,6293.0,3037.0,"Prineville, OR Micro Area",39260
627931.0,382435.0,245496.0,"Providence-Warwick, RI-MA Metro Area",39300
158951.0,107360.0,51591.0,"Provo-Orem, UT Metro Area",39340
63489.0,40106.0,23383.0,"Pueblo, CO Metro Area",39380
17657.0,7856.0,9801.0,"Pullman, WA Micro Area",39420
74884.0,58572.0,16312.0,"Punta Gorda, FL Metro Area",39460
31215.0,22108.0,9107.0,"Quincy, IL-MO Micro Area",39500
75640.0,52188.0,23452.0,"Racine, WI Metro Area",39540
471659.0,309413.0,162246.0,"Raleigh, NC Metro Area",39580
58033.0,40544.0,17489.0,"Rapid City, SD Metro Area",39660
5737.0,4465.0,1272.0,"Raymondville, TX Micro Area",39700
153876.0,111104.0,42772.0,"Reading, PA Metro Area",39740
23712.0,15934.0,7778.0,"Red Bluff, CA Micro Area",39780
70486.0,44095.0,26391.0,"Redding, CA Metro Area",39820
19345.0,14435.0,4910.0,"Red Wing, MN Micro Area",39860
175184.0,101517.0,73667.0,"Reno, NV Metro Area",39900
15016.0,8439.0,6577.0,"Rexburg, ID Micro Area",39940
26397.0,17791.0,8606.0,"Richmond, IN Micro Area",39980
1335366.0,832117.0,503249.0,"Riverside-San Bernardino-Ontario, CA Metro Area",40140
479256.0,313927.0,165329.0,"Richmond, VA Metro Area",40060
39588.0,24461.0,15127.0,"Richmond-Berea, KY Micro Area",40080
16320.0,12136.0,4184.0,"Rio Grande City, TX Micro Area",40100
15167.0,10699.0,4468.0,"Riverton, WY Micro Area",40180
129549.0,88680.0,40869.0,"Roanoke, VA Metro Area",40220
30026.0,19494.0,10532.0,"Roanoke Rapids, NC Micro Area",40260
133200.0,90543.0,42657.0,"Rockford, IL Metro Area",40420
20830.0,15594.0,5236.0,"Rochelle, IL Micro Area",40300
84975.0,64556.0,20419.0,"Rochester, MN Metro Area",40340
431327.0,289529.0,141798.0,"Rochester, NY Metro Area",40380
18371.0,12025.0,6346.0,"Rockingham, NC Micro Area",40460
16269.0,12001.0,4268.0,"Rock Springs, WY Micro Area",40540
58309.0,36746.0,21563.0,"Rocky Mount, NC Metro Area",40580
17330.0,10547.0,6783.0,"Rolla, MO Micro Area",40620
35506.0,21371.0,14135.0,"Rome, GA Metro Area",40660
44828.0,30465.0,14363.0,"Roseburg, OR Micro Area",40700
23343.0,15870.0,7473.0,"Roswell, NM Micro Area",40740
7902.0,6190.0,1712.0,"Ruidoso, NM Micro Area",40760
30702.0,20866.0,9836.0,"Russellville, AR Micro Area",40780
17370.0,9465.0,7905.0,"Ruston, LA Micro Area",40820
25160.0,18141.0,7019.0,"Rutland, VT Micro Area",40860
811543.0,483186.0,328357.0,"Sacramento--Roseville--Arden-Arcade, CA Metro Area",40900
10976.0,7469.0,3507.0,"Safford, AZ Micro Area",40940
78482.0,56305.0,22177.0,"Saginaw, MI Metro Area",40980
1112971.0,768836.0,344135.0,"St. Louis, MO-IL Metro Area",41180
74662.0,51291.0,23371.0,"St. Cloud, MN Metro Area",41060
52385.0,36722.0,15663.0,"St. George, UT Metro Area",41100
47097.0,31132.0,15965.0,"St. Joseph, MO-KS Metro Area",41140
18913.0,11358.0,7555.0,"St. Marys, GA Micro Area",41220
13447.0,10598.0,2849.0,"St. Marys, PA Micro Area",41260
41582.0,30446.0,11136.0,"Salem, OH Micro Area",41400
145205.0,88168.0,57037.0,"Salem, OR Metro Area",41420
24731.0,16868.0,7863.0,"Salina, KS Micro Area",41460
125939.0,63873.0,62066.0,"Salinas, CA Metro Area",41500
153289.0,112236.0,41053.0,"Salisbury, MD-DE Metro Area",41540
382620.0,256827.0,125793.0,"Salt Lake City, UT Metro Area",41620
43729.0,27683.0,16046.0,"San Angelo, TX Metro Area",41660
795519.0,497765.0,297754.0,"San Antonio-New Braunfels, TX Metro Area",41700
1111739.0,589144.0,522595.0,"San Diego-Carlsbad, CA Metro Area",41740
17563.0,12782.0,4781.0,"Sandpoint, ID Micro Area",41760
31577.0,21850.0,9727.0,"Sandusky, OH Micro Area",41780
21691.0,14600.0,7091.0,"Sanford, NC Micro Area",41820
1684081.0,914376.0,769705.0,"San Francisco-Oakland-Hayward, CA Metro Area",41860
44044.0,28470.0,15574.0,"San Germán, PR Metro Area",41900
647891.0,369967.0,277924.0,"San Jose-Sunnyvale-Santa Clara, CA Metro Area",41940
779035.0,536541.0,242494.0,"San Juan-Carolina-Caguas, PR Metro Area",41980
190058.0,114608.0,75450.0,"Santa Rosa, CA Metro Area",42220
105044.0,63052.0,41992.0,"San Luis Obispo-Paso Robles-Arroyo Grande, CA Metro Area",42020
95536.0,56992.0,38544.0,"Santa Cruz-Watsonville, CA Metro Area",42100
61651.0,43346.0,18305.0,"Santa Fe, NM Metro Area",42140
7759.0,5679.0,2080.0,"Santa Isabel, PR Micro Area",42180
144015.0,75308.0,68707.0,"Santa Maria-Santa Barbara, CA Metro Area",42200
14004.0,9801.0,4203.0,"Sault Ste. Marie, MI Micro Area",42300
139377.0,81458.0,57919.0,"Savannah, GA Metro Area",42340
24851.0,18595.0,6256.0,"Sayre, PA Micro Area",42380
15304.0,10576.0,4728.0,"Scottsbluff, NE Micro Area",42420
20368.0,14992.0,5376.0,"Scottsboro, AL Micro Area",42460
57911.0,43914.0,13997.0,"Sebastian-Vero Beach, FL Metro Area",42680
224955.0,152485.0,72470.0,"Scranton--Wilkes-Barre--Hazleton, PA Metro Area",42540
29217.0,19632.0,9585.0,"Searcy, AR Micro Area",42620
1448393.0,869598.0,578795.0,"Seattle-Tacoma-Bellevue, WA Metro Area",42660
41350.0,30884.0,10466.0,"Sebring, FL Metro Area",42700
16031.0,10780.0,5251.0,"Sedalia, MO Micro Area",42740
14576.0,10594.0,3982.0,"Selinsgrove, PA Micro Area",42780
16487.0,9755.0,6732.0,"Selma, AL Micro Area",42820
31354.0,22872.0,8482.0,"Seneca, SC Micro Area",42860
13536.0,9912.0,3624.0,"Seneca Falls, NY Micro Area",42900
36901.0,24861.0,12040.0,"Sevierville, TN Micro Area",42940
16549.0,12027.0,4522.0,"Seymour, IN Micro Area",42980
37782.0,25455.0,12327.0,"Shelby, NC Micro Area",43140
18378.0,13895.0,4483.0,"Shawano, WI Micro Area",43020
25925.0,17840.0,8085.0,"Shawnee, OK Micro Area",43060
47532.0,33085.0,14447.0,"Sheboygan, WI Metro Area",43100
17058.0,11631.0,5427.0,"Shelbyville, TN Micro Area",43180
23034.0,17785.0,5249.0,"Shelton, WA Micro Area",43220
13130.0,9001.0,4129.0,"Sheridan, WY Micro Area",43260
47550.0,31863.0,15687.0,"Sherman-Denison, TX Metro Area",43300
34251.0,23595.0,10656.0,"Show Low, AZ Micro Area",43320
171610.0,107349.0,64261.0,"Shreveport-Bossier City, LA Metro Area",43340
18665.0,13209.0,5456.0,"Sidney, OH Micro Area",43380
49160.0,33878.0,15282.0,"Sierra Vista-Douglas, AZ Metro Area",43420
15241.0,10497.0,4744.0,"Sikeston, MO Micro Area",43460
11879.0,8585.0,3294.0,"Silver City, NM Micro Area",43500
65064.0,45237.0,19827.0,"Sioux City, IA-NE-SD Metro Area",43580
98203.0,66069.0,32134.0,"Sioux Falls, SD Metro Area",43620
5838.0,4327.0,1511.0,"Snyder, TX Micro Area",43660
25810.0,17852.0,7958.0,"Somerset, KY Micro Area",43700
29918.0,23296.0,6622.0,"Somerset, PA Micro Area",43740
22267.0,15458.0,6809.0,"Sonora, CA Micro Area",43760
121380.0,85007.0,36373.0,"South Bend-Mishawaka, IN-MI Metro Area",43780
124755.0,86226.0,38529.0,"Spartanburg, SC Metro Area",43900
10902.0,6996.0,3906.0,"Spearfish, SD Micro Area",43940
7264.0,5027.0,2237.0,"Spencer, IA Micro Area",43980
237713.0,148327.0,89386.0,"Springfield, MA Metro Area",44140
8039.0,6100.0,1939.0,"Spirit Lake, IA Micro Area",44020
218166.0,139688.0,78478.0,"Spokane-Spokane Valley, WA Metro Area",44060
88903.0,62026.0,26877.0,"Springfield, IL Metro Area",44100
181947.0,114509.0,67438.0,"Springfield, MO Metro Area",44180
54836.0,35995.0,18841.0,"Springfield, OH Metro Area",44220
17393.0,9256.0,8137.0,"Starkville, MS Micro Area",44260
57710.0,35427.0,22283.0,"State College, PA Metro Area",44300
26632.0,14157.0,12475.0,"Statesboro, GA Micro Area",44340
8151.0,5052.0,3099.0,"Sterling, CO Micro Area",44540
48395.0,34176.0,14219.0,"Staunton-Waynesboro, VA Metro Area",44420
9478.0,6471.0,3007.0,"Steamboat Springs, CO Micro Area",44460
13827.0,8803.0,5024.0,"Stephenville, TX Micro Area",44500
23468.0,17671.0,5797.0,"Sterling, IL Micro Area",44580
28072.0,19271.0,8801.0,"Stevens Point, WI Micro Area",44620
30404.0,15050.0,15354.0,"Stillwater, OK Micro Area",44660
223808.0,124734.0,99074.0,"Stockton-Lodi, CA Metro Area",44700
7561.0,5005.0,2556.0,"Storm Lake, IA Micro Area",44740
23831.0,17639.0,6192.0,"Sturgis, MI Micro Area",44780
13287.0,9209.0,4078.0,"Sulphur Springs, TX Micro Area",44860
9253.0,6077.0,3176.0,"Summerville, GA Micro Area",44900
14781.0,10899.0,3882.0,"Summit Park, UT Micro Area",44920
41417.0,26860.0,14557.0,"Sumter, SC Metro Area",44940
39281.0,28000.0,11281.0,"Sunbury, PA Micro Area",44980
16360.0,10874.0,5486.0,"Tahlequah, OK Micro Area",45140
9441.0,6230.0,3211.0,"Susanville, CA Micro Area",45000
5552.0,3845.0,1707.0,"Sweetwater, TX Micro Area",45020
258028.0,173893.0,84135.0,"Syracuse, NY Metro Area",45060
35855.0,26236.0,9619.0,"Talladega-Sylacauga, AL Micro Area",45180
146460.0,84617.0,61843.0,"Tallahassee, FL Metro Area",45220
1180768.0,755785.0,424983.0,"Tampa-St. Petersburg-Clearwater, FL Metro Area",45300
12603.0,9366.0,3237.0,"Taos, NM Micro Area",45340
13892.0,10449.0,3443.0,"Taylorville, IL Micro Area",45380
65978.0,43531.0,22447.0,"Terre Haute, IN Metro Area",45460
55491.0,36076.0,19415.0,"Texarkana, TX-AR Metro Area",45500
10135.0,6497.0,3638.0,"The Dalles, OR Micro Area",45520
52360.0,47193.0,5167.0,"The Villages, FL Metro Area",45540
10263.0,6600.0,3663.0,"Thomaston, GA Micro Area",45580
17254.0,11116.0,6138.0,"Thomasville, GA Micro Area",45620
21507.0,15534.0,5973.0,"Tiffin, OH Micro Area",45660
14999.0,8545.0,6454.0,"Tifton, GA Micro Area",45700
9427.0,6620.0,2807.0,"Toccoa, GA Micro Area",45740
245562.0,152984.0,92578.0,"Toledo, OH Metro Area",45780
93914.0,63901.0,30013.0,"Topeka, KS Metro Area",45820
74605.0,57330.0,17275.0,"Torrington, CT Micro Area",45860
59471.0,47565.0,11906.0,"Traverse City, MI Micro Area",45900
129546.0,83188.0,46358.0,"Trenton, NJ Metro Area",45940
12284.0,7277.0,5007.0,"Troy, AL Micro Area",45980
378264.0,245637.0,132627.0,"Tulsa, OK Metro Area",46140
40386.0,29975.0,10411.0,"Truckee-Grass Valley, CA Micro Area",46020
398530.0,246837.0,151693.0,"Tucson, AZ Metro Area",46060
40514.0,28835.0,11679.0,"Tullahoma-Manchester, TN Micro Area",46100
52143.0,36345.0,15798.0,"Tupelo, MS Micro Area",46180
84791.0,54776.0,30015.0,"Tuscaloosa, AL Metro Area",46220
37837.0,25424.0,12413.0,"Twin Falls, ID Micro Area",46300
77801.0,51275.0,26526.0,"Tyler, TX Metro Area",46340
34182.0,20230.0,13952.0,"Ukiah, CA Micro Area",46380
15258.0,10137.0,5121.0,"Union City, TN-KY Micro Area",46460
15274.0,11100.0,4174.0,"Urbana, OH Micro Area",46500
311451.0,173242.0,138209.0,"Urban Honolulu, HI Metro Area",46520
115659.0,78324.0,37335.0,"Utica-Rome, NY Metro Area",46540
8624.0,6284.0,2340.0,"Uvalde, TX Micro Area",46620
51901.0,28934.0,22967.0,"Valdosta, GA Metro Area",46660
147352.0,88381.0,58971.0,"Vallejo-Fairfield, CA Metro Area",46700
13694.0,9103.0,4591.0,"Valley, AL Micro Area",46740
11503.0,8604.0,2899.0,"Van Wert, OH Micro Area",46780
5302.0,2735.0,2567.0,"Vermillion, SD Micro Area",46820
10616.0,8104.0,2512.0,"Vernal, UT Micro Area",46860
5155.0,3343.0,1812.0,"Vernon, TX Micro Area",46900
21746.0,14007.0,7739.0,"Vicksburg, MS Micro Area",46980
50596.0,32245.0,18351.0,"Vineland-Bridgeton, NJ Metro Area",47220
35489.0,23714.0,11775.0,"Victoria, TX Metro Area",47020
13598.0,8632.0,4966.0,"Vidalia, GA Micro Area",47080
14986.0,9596.0,5390.0,"Vincennes, IN Micro Area",47180
6139.0,4770.0,1369.0,"Vineyard Haven, MA Micro Area",47240
638027.0,392635.0,245392.0,"Virginia Beach-Norfolk-Newport News, VA-NC Metro Area",47260
9681.0,7017.0,2664.0,"Wahpeton, ND-MN Micro Area",47420
135144.0,75975.0,59169.0,"Visalia-Porterville, CA Metro Area",47300
12920.0,9567.0,3353.0,"Wabash, IN Micro Area",47340
93613.0,55071.0,38542.0,"Waco, TX Metro Area",47380
24150.0,15702.0,8448.0,"Walla Walla, WA Metro Area",47460
18342.0,13903.0,4439.0,"Wapakoneta, OH Micro Area",47540
69206.0,44419.0,24787.0,"Warner Robins, GA Metro Area",47580
17095.0,13026.0,4069.0,"Warren, PA Micro Area",47620
19918.0,11907.0,8011.0,"Warrensburg, MO Micro Area",47660
30265.0,22632.0,7633.0,"Warsaw, IN Micro Area",47700
11482.0,8478.0,3004.0,"Washington, IN Micro Area",47780
18978.0,13439.0,5539.0,"Washington, NC Micro Area",47820
2170034.0,1376684.0,793350.0,"Washington-Arlington-Alexandria, DC-VA-MD-WV Metro Area",47900
11729.0,7284.0,4445.0,"Washington Court House, OH Micro Area",47920
67411.0,46690.0,20721.0,"Waterloo-Cedar Falls, IA Metro Area",47940
12011.0,7824.0,4187.0,"Watertown, SD Micro Area",47980
54820.0,39911.0,14909.0,"Wausau, WI Metro Area",48140
32739.0,22806.0,9933.0,"Watertown-Fort Atkinson, WI Micro Area",48020
43206.0,24012.0,19194.0,"Watertown-Fort Drum, NY Metro Area",48060
7718.0,5288.0,2430.0,"Wauchula, FL Micro Area",48100
20878.0,13900.0,6978.0,"Waycross, GA Micro Area",48180
10458.0,6204.0,4254.0,"Weatherford, OK Micro Area",48220
50292.0,35626.0,14666.0,"Weirton-Steubenville, WV-OH Metro Area",48260
42089.0,28344.0,13745.0,"Wenatchee, WA Metro Area",48300
16204.0,11208.0,4996.0,"West Plains, MO Micro Area",48460
7681.0,5514.0,2167.0,"West Point, MS Micro Area",48500
55955.0,35990.0,19965.0,"Wichita Falls, TX Metro Area",48660
57451.0,42720.0,14731.0,"Wheeling, WV-OH Metro Area",48540
40246.0,27537.0,12709.0,"Whitewater-Elkhorn, WI Micro Area",48580
245121.0,161195.0,83926.0,"Wichita, KS Metro Area",48620
45991.0,32145.0,13846.0,"Williamsport, PA Metro Area",48700
12895.0,7975.0,4920.0,"Williston, ND Micro Area",48780
16765.0,12381.0,4384.0,"Willmar, MN Micro Area",48820
112726.0,69269.0,43457.0,"Wilmington, NC Metro Area",48900
16309.0,10617.0,5692.0,"Wilmington, OH Micro Area",48940
32068.0,19391.0,12677.0,"Wilson, NC Micro Area",48980
260518.0,176015.0,84503.0,"Winston-Salem, NC Metro Area",49180
50691.0,34666.0,16025.0,"Winchester, VA-WV Metro Area",49020
6261.0,4812.0,1449.0,"Winnemucca, NV Micro Area",49080
19228.0,13462.0,5766.0,"Winona, MN Micro Area",49100
32223.0,23492.0,8731.0,"Wisconsin Rapids-Marshfield, WI Micro Area",49220
7366.0,5273.0,2093.0,"Woodward, OK Micro Area",49260
43353.0,31629.0,11724.0,"Wooster, OH Micro Area",49300
350504.0,229152.0,121352.0,"Worcester, MA-CT Metro Area",49340
7917.0,5632.0,2285.0,"Worthington, MN Micro Area",49380
81720.0,51225.0,30495.0,"Yakima, WA Metro Area",49420
9283.0,6064.0,3219.0,"Yankton, SD Micro Area",49460
169667.0,126302.0,43365.0,"York-Hanover, PA Metro Area",49620
230549.0,162015.0,68534.0,"Youngstown-Warren-Boardman, OH-PA Metro Area",49660
58068.0,33420.0,24648.0,"Yuba City, CA Metro Area",49700
71670.0,48381.0,23289.0,"Yuma, AZ Metro Area",49740
34348.0,23107.0,11241.0,"Zanesville, OH Micro Area",49780
4457.0,3222.0,1235.0,"Zapata, TX Micro Area",49820
