B25003D_001E,B25003D_002E,B25003D_003E,name,metropolitan statistical area/micropolitan statistical area
286.0,44.0,242.0,"Aberdeen, SD Micro Area",10100
308.0,188.0,120.0,"Aberdeen, WA Micro Area",10140
720.0,251.0,469.0,"Abilene, TX Metro Area",10180
127.0,40.0,87.0,"Ada, OK Micro Area",10220
0.0,0.0,0.0,"Adjuntas, PR Micro Area",10260
146.0,135.0,11.0,"Adrian, MI Micro Area",10300
374.0,158.0,216.0,"Aguadilla-Isabela, PR Metro Area",10380
5715.0,2546.0,3169.0,"Akron, OH Metro Area",10420
207.0,122.0,85.0,"Alamogordo, NM Micro Area",10460
441.0,244.0,197.0,"Albany, GA Metro Area",10500
413.0,162.0,251.0,"Albany, OR Metro Area",10540
11145.0,5117.0,6028.0,"Albany-Schenectady-Troy, NY Metro Area",10580
282.0,224.0,58.0,"Albemarle, NC Micro Area",10620
142.0,76.0,66.0,"Albert Lea, MN Micro Area",10660
130.0,111.0,19.0,"Albertville, AL Micro Area",10700
6134.0,4053.0,2081.0,"Albuquerque, NM Metro Area",10740
40.0,40.0,0.0,"Alexander City, AL Micro Area",10760
499.0,224.0,275.0,"Alexandria, LA Metro Area",10780
15.0,15.0,0.0,"Alexandria, MN Micro Area",10820
125.0,29.0,96.0,"Alice, TX Micro Area",10860
7407.0,5226.0,2181.0,"Allentown-Bethlehem-Easton, PA-NJ Metro Area",10900
16.0,16.0,0.0,"Alma, MI Micro Area",10940
44.0,29.0,15.0,"Alpena, MI Micro Area",10980
249.0,165.0,84.0,"Altoona, PA Metro Area",11020
102.0,34.0,68.0,"Altus, OK Micro Area",11060
2608.0,1587.0,1021.0,"Amarillo, TX Metro Area",11100
125.0,18.0,107.0,"Americus, GA Micro Area",11140
2544.0,593.0,1951.0,"Ames, IA Metro Area",11180
88.0,53.0,35.0,"Amsterdam, NY Micro Area",11220
7321.0,4430.0,2891.0,"Anchorage, AK Metro Area",11260
18.0,18.0,0.0,"Andrews, TX Micro Area",11380
59.0,36.0,23.0,"Angola, IN Micro Area",11420
11362.0,4934.0,6428.0,"Ann Arbor, MI Metro Area",11460
381.0,264.0,117.0,"Anniston-Oxford-Jacksonville, AL Metro Area",11500
1744.0,831.0,913.0,"Appleton, WI Metro Area",11540
9.0,9.0,0.0,"Arcadia, FL Micro Area",11580
197.0,94.0,103.0,"Ardmore, OK Micro Area",11620
304.0,160.0,144.0,"Arecibo, PR Metro Area",11640
57.0,17.0,40.0,"Arkadelphia, AR Micro Area",11660
166.0,128.0,38.0,"Arkansas City-Winfield, KS Micro Area",11680
1764.0,990.0,774.0,"Asheville, NC Metro Area",11700
36.0,0.0,36.0,"Ashland, OH Micro Area",11740
79.0,26.0,53.0,"Ashtabula, OH Micro Area",11780
115.0,95.0,20.0,"Astoria, OR Micro Area",11820
7.0,7.0,0.0,"Atchison, KS Micro Area",11860
643.0,115.0,528.0,"Athens, OH Micro Area",11900
85.0,41.0,44.0,"Athens, TN Micro Area",11940
153.0,53.0,100.0,"Athens, TX Micro Area",11980
263.0,71.0,192.0,"Austin, MN Micro Area",12380
2137.0,783.0,1354.0,"Auburn-Opelika, AL Metro Area",12220
3595.0,2350.0,1245.0,"Augusta-Richmond County, GA-SC Metro Area",12260
287.0,220.0,67.0,"Augusta-Waterville, ME Micro Area",12300
37201.0,20981.0,16220.0,"Austin-Round Rock, TX Metro Area",12420
48.0,36.0,12.0,"Bainbridge, GA Micro Area",12460
11057.0,7372.0,3685.0,"Bakersfield, CA Metro Area",12540
46816.0,29954.0,16862.0,"Baltimore-Columbia-Towson, MD Metro Area",12580
432.0,155.0,277.0,"Bangor, ME Metro Area",12620
108.0,81.0,27.0,"Baraboo, WI Micro Area",12660
30.0,0.0,30.0,"Bardstown, KY Micro Area",12680
828.0,551.0,277.0,"Barnstable Town, MA Metro Area",12700
215.0,146.0,69.0,"Barre, VT Micro Area",12740
356.0,100.0,256.0,"Bartlesville, OK Micro Area",12780
73.0,63.0,10.0,"Bastrop, LA Micro Area",12820
110.0,83.0,27.0,"Batavia, NY Micro Area",12860
90.0,57.0,33.0,"Batesville, AR Micro Area",12900
4990.0,3045.0,1945.0,"Baton Rouge, LA Metro Area",12940
874.0,476.0,398.0,"Battle Creek, MI Metro Area",12980
2080.0,895.0,1185.0,"Athens-Clarke County, GA Metro Area",12020
97884.0,64466.0,33418.0,"Atlanta-Sandy Springs-Roswell, GA Metro Area",12060
6078.0,4085.0,1993.0,"Atlantic City-Hammonton, NJ Metro Area",12100
39.0,0.0,39.0,"Atmore, AL Micro Area",12120
73.0,61.0,12.0,"Auburn, IN Micro Area",12140
93.0,40.0,53.0,"Auburn, NY Micro Area",12180
3230.0,2007.0,1223.0,"Beaumont-Port Arthur, TX Metro Area",13140
175.0,121.0,54.0,"Bay City, MI Metro Area",13020
202.0,188.0,14.0,"Bay City, TX Micro Area",13060
49.0,20.0,29.0,"Beatrice, NE Micro Area",13100
84.0,32.0,52.0,"Beaver Dam, WI Micro Area",13180
364.0,218.0,146.0,"Beckley, WV Metro Area",13220
41.0,28.0,13.0,"Bedford, IN Micro Area",13260
46.0,46.0,0.0,"Beeville, TX Micro Area",13300
90.0,23.0,67.0,"Bellefontaine, OH Micro Area",13340
2576.0,1648.0,928.0,"Bellingham, WA Metro Area",13380
120.0,52.0,68.0,"Bemidji, MN Micro Area",13420
774.0,294.0,480.0,"Bend-Redmond, OR Metro Area",13460
40.0,22.0,18.0,"Bennettsville, SC Micro Area",13500
35.0,4.0,31.0,"Bennington, VT Micro Area",13540
57.0,16.0,41.0,"Berlin, NH-VT Micro Area",13620
123.0,59.0,64.0,"Big Rapids, MI Micro Area",13660
84.0,69.0,15.0,"Big Spring, TX Micro Area",13700
58.0,51.0,7.0,"Big Stone Gap, VA Micro Area",13720
305.0,206.0,99.0,"Billings, MT Metro Area",13740
2584.0,1036.0,1548.0,"Binghamton, NY Metro Area",13780
4982.0,2697.0,2285.0,"Birmingham-Hoover, AL Metro Area",13820
224.0,128.0,96.0,"Bismarck, ND Metro Area",13900
127.0,76.0,51.0,"Blackfoot, ID Micro Area",13940
2054.0,566.0,1488.0,"Blacksburg-Christiansburg-Radford, VA Metro Area",13980
144.0,76.0,68.0,"Bluefield, WV-VA Micro Area",14140
3121.0,1146.0,1975.0,"Bloomington, IL Metro Area",14010
2809.0,516.0,2293.0,"Bloomington, IN Metro Area",14020
461.0,169.0,292.0,"Bloomsburg-Berwick, PA Metro Area",14100
49.0,49.0,0.0,"Blytheville, AR Micro Area",14180
22.0,6.0,16.0,"Bogalusa, LA Micro Area",14220
4137.0,3103.0,1034.0,"Boise City, ID Metro Area",14260
95.0,32.0,63.0,"Bonham, TX Micro Area",14300
79.0,17.0,62.0,"Boone, IA Micro Area",14340
122.0,23.0,99.0,"Boone, NC Micro Area",14380
45.0,25.0,20.0,"Borger, TX Micro Area",14420
117910.0,61863.0,56047.0,"Boston-Cambridge-Newton, MA-NH Metro Area",14460
4666.0,2540.0,2126.0,"Boulder, CO Metro Area",14500
1053.0,421.0,632.0,"Bowling Green, KY Metro Area",14540
498.0,240.0,258.0,"Bozeman, MT Micro Area",14580
58.0,44.0,14.0,"Bradford, PA Micro Area",14620
111.0,100.0,11.0,"Brainerd, MN Micro Area",14660
120.0,37.0,83.0,"Branson, MO Micro Area",14700
10.0,7.0,3.0,"Breckenridge, CO Micro Area",14720
4082.0,2958.0,1124.0,"Bremerton-Silverdale, WA Metro Area",14740
145.0,97.0,48.0,"Brenham, TX Micro Area",14780
110.0,52.0,58.0,"Brevard, NC Micro Area",14820
15332.0,9666.0,5666.0,"Bridgeport-Stamford-Norwalk, CT Metro Area",14860
0.0,0.0,0.0,"Brownsville, TN Micro Area",15140
54.0,54.0,0.0,"Brookhaven, MS Micro Area",15020
77.0,56.0,21.0,"Brookings, OR Micro Area",15060
300.0,96.0,204.0,"Brookings, SD Micro Area",15100
834.0,648.0,186.0,"Brownsville-Harlingen, TX Metro Area",15180
86.0,61.0,25.0,"Brownwood, TX Micro Area",15220
304.0,148.0,156.0,"Brunswick, GA Metro Area",15260
96.0,14.0,82.0,"Bucyrus, OH Micro Area",15340
9532.0,4052.0,5480.0,"Buffalo-Cheektowaga-Niagara Falls, NY Metro Area",15380
68.0,30.0,38.0,"Burley, ID Micro Area",15420
62.0,22.0,40.0,"Burlington, IA-IL Micro Area",15460
566.0,338.0,228.0,"Burlington, NC Metro Area",15500
1785.0,924.0,861.0,"Burlington-South Burlington, VT Metro Area",15540
19.0,19.0,0.0,"Butte-Silver Bow, MT Micro Area",15580
72.0,58.0,14.0,"Cadillac, MI Micro Area",15620
187.0,168.0,19.0,"Calhoun, GA Micro Area",15660
686.0,530.0,156.0,"California-Lexington Park, MD Metro Area",15680
96.0,42.0,54.0,"Cambridge, MD Micro Area",15700
69.0,49.0,20.0,"Cambridge, OH Micro Area",15740
9.0,6.0,3.0,"Camden, AR Micro Area",15780
979.0,712.0,267.0,"Canton-Massillon, OH Metro Area",15940
68.0,0.0,68.0,"Campbellsville, KY Micro Area",15820
22.0,22.0,0.0,"Cañon City, CO Micro Area",15860
26.0,6.0,20.0,"Canton, IL Micro Area",15900
2971.0,2194.0,777.0,"Cape Coral-Fort Myers, FL Metro Area",15980
11.0,11.0,0.0,"Carroll, IA Micro Area",16140
397.0,87.0,310.0,"Cape Girardeau, MO-IL Metro Area",16020
1081.0,478.0,603.0,"Carbondale-Marion, IL Metro Area",16060
82.0,68.0,14.0,"Carlsbad-Artesia, NM Micro Area",16100
562.0,260.0,302.0,"Carson City, NV Metro Area",16180
163.0,118.0,45.0,"Casper, WY Metro Area",16220
102.0,70.0,32.0,"Cedar City, UT Micro Area",16260
1598.0,846.0,752.0,"Cedar Rapids, IA Metro Area",16300
60.0,60.0,0.0,"Cedartown, GA Micro Area",16340
51.0,19.0,32.0,"Celina, OH Micro Area",16380
20.0,20.0,0.0,"Central City, KY Micro Area",16420
119.0,57.0,62.0,"Centralia, IL Micro Area",16460
205.0,156.0,49.0,"Centralia, WA Micro Area",16500
403.0,278.0,125.0,"Chambersburg-Waynesboro, PA Metro Area",16540
7720.0,2099.0,5621.0,"Champaign-Urbana, IL Metro Area",16580
906.0,390.0,516.0,"Charleston, WV Metro Area",16620
209.0,96.0,113.0,"Charleston-Mattoon, IL Micro Area",16660
3886.0,2649.0,1237.0,"Charleston-North Charleston, SC Metro Area",16700
25060.0,14957.0,10103.0,"Charlotte-Concord-Gastonia, NC-SC Metro Area",16740
2541.0,1071.0,1470.0,"Charlottesville, VA Metro Area",16820
2562.0,1646.0,916.0,"Chattanooga, TN-GA Metro Area",16860
351.0,234.0,117.0,"Cheyenne, WY Metro Area",16940
197757.0,123291.0,74466.0,"Chicago-Naperville-Elgin, IL-IN-WI Metro Area",16980
1037.0,470.0,567.0,"Claremont-Lebanon, NH-VT Micro Area",17200
2674.0,1040.0,1634.0,"Chico, CA Metro Area",17020
157.0,55.0,102.0,"Chillicothe, OH Micro Area",17060
16446.0,9227.0,7219.0,"Cincinnati, OH-KY-IN Metro Area",17140
186.0,123.0,63.0,"Clarksburg, WV Micro Area",17220
18.0,11.0,7.0,"Clarksdale, MS Micro Area",17260
1661.0,1065.0,596.0,"Clarksville, TN-KY Metro Area",17300
279.0,96.0,183.0,"Clearlake, CA Micro Area",17340
167.0,104.0,63.0,"Cleveland, MS Micro Area",17380
311.0,195.0,116.0,"Cleveland, TN Metro Area",17420
15979.0,8290.0,7689.0,"Cleveland-Elyria, OH Metro Area",17460
74.0,63.0,11.0,"Clewiston, FL Micro Area",17500
63.0,43.0,20.0,"Clinton, IA Micro Area",17540
190.0,73.0,117.0,"Clovis, NM Micro Area",17580
0.0,0.0,0.0,"Coamo, PR Micro Area",17620
21.0,21.0,0.0,"Coco, PR Micro Area",17640
493.0,259.0,234.0,"Coeur d'Alene, ID Metro Area",17660
137.0,73.0,64.0,"Coffeyville, KS Micro Area",17700
86.0,27.0,59.0,"Coldwater, MI Micro Area",17740
4629.0,1319.0,3310.0,"College Station-Bryan, TX Metro Area",17780
5603.0,3625.0,1978.0,"Colorado Springs, CO Metro Area",17820
2416.0,933.0,1483.0,"Columbia, MO Metro Area",17860
5001.0,2977.0,2024.0,"Columbia, SC Metro Area",17900
1658.0,850.0,808.0,"Columbus, GA-AL Metro Area",17980
56.0,21.0,35.0,"Cordele, GA Micro Area",18380
16.0,7.0,9.0,"Connersville, IN Micro Area",18220
280.0,118.0,162.0,"Cookeville, TN Micro Area",18260
174.0,92.0,82.0,"Coos Bay, OR Micro Area",18300
48.0,48.0,0.0,"Corinth, MS Micro Area",18420
329.0,306.0,23.0,"Cornelia, GA Micro Area",18460
548.0,234.0,314.0,"Corning, NY Micro Area",18500
2605.0,1422.0,1183.0,"Corpus Christi, TX Metro Area",18580
97.0,22.0,75.0,"Corsicana, TX Micro Area",18620
81.0,54.0,27.0,"Cortland, NY Micro Area",18660
1889.0,659.0,1230.0,"Corvallis, OR Metro Area",18700
30.0,30.0,0.0,"Coshocton, OH Micro Area",18740
15.0,7.0,8.0,"Craig, CO Micro Area",18780
119.0,53.0,66.0,"Crawfordsville, IN Micro Area",18820
191.0,77.0,114.0,"Crescent City, CA Micro Area",18860
2226.0,1309.0,917.0,"Crestview-Fort Walton Beach-Destin, FL Metro Area",18880
121.0,87.0,34.0,"Crossville, TN Micro Area",18900
125.0,60.0,65.0,"Cullman, AL Micro Area",18980
25215.0,12342.0,12873.0,"Columbus, OH Metro Area",18140
750.0,418.0,332.0,"Concord, NH Micro Area",18180
141280.0,86067.0,55213.0,"Dallas-Fort Worth-Arlington, TX Metro Area",19100
1934.0,691.0,1243.0,"Columbus, IN Metro Area",18020
154.0,102.0,52.0,"Columbus, MS Micro Area",18060
56.0,0.0,56.0,"Columbus, NE Micro Area",18100
79.0,27.0,52.0,"Cullowhee, NC Micro Area",19000
174.0,72.0,102.0,"Cumberland, MD-WV Metro Area",19060
382.0,243.0,139.0,"Dalton, GA Metro Area",19140
208.0,100.0,108.0,"Danville, IL Metro Area",19180
22.0,7.0,15.0,"Danville, KY Micro Area",19220
251.0,142.0,109.0,"Danville, VA Micro Area",19260
492.0,387.0,105.0,"Daphne-Fairhope-Foley, AL Metro Area",19300
2647.0,1424.0,1223.0,"Davenport-Moline-Rock Island, IA-IL Metro Area",19340
5835.0,3399.0,2436.0,"Dayton, OH Metro Area",19380
36.0,36.0,0.0,"Dayton, TN Micro Area",19420
254.0,67.0,187.0,"Decatur, AL Metro Area",19460
435.0,256.0,179.0,"Decatur, IL Metro Area",19500
36.0,36.0,0.0,"Decatur, IN Micro Area",19540
45.0,33.0,12.0,"Defiance, OH Micro Area",19580
62.0,29.0,33.0,"Del Rio, TX Micro Area",19620
3754.0,2771.0,983.0,"Deltona-Daytona Beach-Ormond Beach, FL Metro Area",19660
48.0,27.0,21.0,"Deming, NM Micro Area",19700
36117.0,22000.0,14117.0,"Denver-Aurora-Lakewood, CO Metro Area",19740
37.0,29.0,8.0,"DeRidder, LA Micro Area",19760
7640.0,4289.0,3351.0,"Des Moines-West Des Moines, IA Metro Area",19780
55483.0,34469.0,21014.0,"Detroit-Warren-Dearborn, MI Metro Area",19820
136.0,0.0,136.0,"Dickinson, ND Micro Area",19860
63.0,43.0,20.0,"Dixon, IL Micro Area",19940
176.0,69.0,107.0,"Dodge City, KS Micro Area",19980
100.0,66.0,34.0,"Dublin, GA Micro Area",20140
312.0,157.0,155.0,"Dothan, AL Metro Area",20020
42.0,42.0,0.0,"Douglas, GA Micro Area",20060
1244.0,883.0,361.0,"Dover, DE Metro Area",20100
116.0,80.0,36.0,"DuBois, PA Micro Area",20180
469.0,176.0,293.0,"Dubuque, IA Metro Area",20220
357.0,213.0,144.0,"Dunn, NC Micro Area",20380
712.0,350.0,362.0,"Duluth, MN-WI Metro Area",20260
305.0,102.0,203.0,"Dumas, TX Micro Area",20300
85.0,59.0,26.0,"Duncan, OK Micro Area",20340
104.0,74.0,30.0,"Durango, CO Micro Area",20420
48.0,12.0,36.0,"Durant, OK Micro Area",20460
9149.0,4839.0,4310.0,"Durham-Chapel Hill, NC Metro Area",20500
82.0,38.0,44.0,"Dyersburg, TN Micro Area",20540
51.0,45.0,6.0,"Eagle Pass, TX Micro Area",20580
199.0,121.0,78.0,"Easton, MD Micro Area",20660
1042.0,957.0,85.0,"East Stroudsburg, PA Metro Area",20700
1235.0,649.0,586.0,"Eau Claire, WI Metro Area",20740
156.0,127.0,29.0,"Edwards, CO Micro Area",20780
30.0,2.0,28.0,"Effingham, IL Micro Area",20820
12.0,2.0,10.0,"El Campo, TX Micro Area",20900
778.0,476.0,302.0,"El Centro, CA Metro Area",20940
55.0,55.0,0.0,"El Dorado, AR Micro Area",20980
535.0,347.0,188.0,"Elkhart-Goshen, IN Metro Area",21140
289.0,130.0,159.0,"Elizabeth City, NC Micro Area",21020
789.0,567.0,222.0,"Elizabethtown-Fort Knox, KY Metro Area",21060
18.0,18.0,0.0,"Elk City, OK Micro Area",21120
26.0,10.0,16.0,"Elkins, WV Micro Area",21180
191.0,125.0,66.0,"Elko, NV Micro Area",21220
274.0,164.0,110.0,"Ellensburg, WA Micro Area",21260
435.0,259.0,176.0,"Elmira, NY Metro Area",21300
3379.0,1798.0,1581.0,"El Paso, TX Metro Area",21340
249.0,101.0,148.0,"Emporia, KS Micro Area",21380
130.0,58.0,72.0,"Enid, OK Metro Area",21420
278.0,144.0,134.0,"Enterprise, AL Micro Area",21460
1171.0,440.0,731.0,"Erie, PA Metro Area",21500
61.0,49.0,12.0,"Escanaba, MI Micro Area",21540
47.0,21.0,26.0,"Española, NM Micro Area",21580
66.0,47.0,19.0,"Eufaula, AL-GA Micro Area",21640
3474.0,1380.0,2094.0,"Eugene, OR Metro Area",21660
1078.0,482.0,596.0,"Eureka-Arcata-Fortuna, CA Micro Area",21700
14.0,14.0,0.0,"Evanston, WY Micro Area",21740
1280.0,846.0,434.0,"Evansville, IN-KY Metro Area",21780
976.0,491.0,485.0,"Fairbanks, AK Metro Area",21820
157.0,39.0,118.0,"Fairfield, IA Micro Area",21840
33.0,33.0,0.0,"Fairmont, MN Micro Area",21860
83.0,72.0,11.0,"Fairmont, WV Micro Area",21900
135.0,42.0,93.0,"Fallon, NV Micro Area",21980
311.0,183.0,128.0,"Frankfort, KY Micro Area",23180
0.0,0.0,0.0,"Fredericksburg, TX Micro Area",23240
3812.0,2077.0,1735.0,"Fort Wayne, IN Metro Area",23060
23.0,19.0,4.0,"Frankfort, IN Micro Area",23140
101.0,75.0,26.0,"Freeport, IL Micro Area",23300
82.0,17.0,65.0,"Fremont, NE Micro Area",23340
44.0,12.0,32.0,"Fremont, OH Micro Area",23380
24821.0,13623.0,11198.0,"Fresno, CA Metro Area",23420
151.0,83.0,68.0,"Gadsden, AL Metro Area",23460
53.0,53.0,0.0,"Gaffney, SC Micro Area",23500
4805.0,2117.0,2688.0,"Gainesville, FL Metro Area",23540
917.0,623.0,294.0,"Gainesville, GA Metro Area",23580
180.0,61.0,119.0,"Gainesville, TX Micro Area",23620
108.0,82.0,26.0,"Galesburg, IL Micro Area",23660
268.0,64.0,204.0,"Gallup, NM Micro Area",23700
311.0,128.0,183.0,"Garden City, KS Micro Area",23780
193.0,128.0,65.0,"Gardnerville Ranchos, NV Micro Area",23820
83.0,53.0,30.0,"Georgetown, SC Micro Area",23860
161.0,95.0,66.0,"Gettysburg, PA Metro Area",23900
34.0,0.0,34.0,"Gillette, WY Micro Area",23940
71.0,24.0,47.0,"Glasgow, KY Micro Area",23980
238.0,110.0,128.0,"Farmington, NM Metro Area",22140
1888.0,644.0,1244.0,"Fargo, ND-MN Metro Area",22020
288.0,173.0,115.0,"Faribault-Northfield, MN Micro Area",22060
159.0,64.0,95.0,"Farmington, MO Micro Area",22100
2777.0,1668.0,1109.0,"Fayetteville, NC Metro Area",22180
4825.0,2038.0,2787.0,"Fayetteville-Springdale-Rogers, AR-MO Metro Area",22220
78.0,74.0,4.0,"Fergus Falls, MN Micro Area",22260
188.0,139.0,49.0,"Fernley, NV Micro Area",22280
531.0,198.0,333.0,"Findlay, OH Micro Area",22300
0.0,0.0,0.0,"Fitzgerald, GA Micro Area",22340
753.0,280.0,473.0,"Flagstaff, AZ Metro Area",22380
1469.0,1182.0,287.0,"Flint, MI Metro Area",22420
742.0,550.0,192.0,"Florence, SC Metro Area",22500
211.0,137.0,74.0,"Florence-Muscle Shoals, AL Metro Area",22520
304.0,112.0,192.0,"Fond du Lac, WI Metro Area",22540
76.0,68.0,8.0,"Forest City, NC Micro Area",22580
30.0,14.0,16.0,"Forrest City, AR Micro Area",22620
2094.0,1371.0,723.0,"Fort Collins, CO Metro Area",22660
157.0,56.0,101.0,"Fort Dodge, IA Micro Area",22700
348.0,132.0,216.0,"Fort Leonard Wood, MO Micro Area",22780
115.0,88.0,27.0,"Fort Madison-Keokuk, IA-IL-MO Micro Area",22800
37.0,22.0,15.0,"Fort Morgan, CO Micro Area",22820
174.0,75.0,99.0,"Fort Payne, AL Micro Area",22840
331.0,163.0,168.0,"Fort Polk South, LA Micro Area",22860
5.0,5.0,0.0,"Helena-West Helena, AR Micro Area",25760
2391.0,1361.0,1030.0,"Fort Smith, AR-OK Metro Area",22900
551.0,172.0,379.0,"Hattiesburg, MS Metro Area",25620
127.0,20.0,107.0,"Hays, KS Micro Area",25700
98.0,30.0,68.0,"Heber, UT Micro Area",25720
156.0,98.0,58.0,"Helena, MT Micro Area",25740
50.0,22.0,28.0,"Henderson, NC Micro Area",25780
19.0,19.0,0.0,"Hereford, TX Micro Area",25820
182.0,135.0,47.0,"Hermiston-Pendleton, OR Micro Area",25840
2419.0,1641.0,778.0,"Hickory-Lenoir-Morganton, NC Metro Area",25860
29.0,21.0,8.0,"Hillsdale, MI Micro Area",25880
15516.0,11886.0,3630.0,"Hilo, HI Micro Area",25900
910.0,482.0,428.0,"Hilton Head Island-Bluffton-Beaufort, SC Metro Area",25940
449.0,221.0,228.0,"Hinesville, GA Metro Area",25980
30.0,30.0,0.0,"Guayama, PR Metro Area",25020
2988.0,1845.0,1143.0,"Gulfport-Biloxi-Pascagoula, MS Metro Area",25060
132.0,3.0,129.0,"Guymon, OK Micro Area",25100
1012.0,585.0,427.0,"Hagerstown-Martinsburg, MD-WV Metro Area",25180
96.0,89.0,7.0,"Hailey, ID Micro Area",25200
305.0,75.0,230.0,"Hammond, LA Metro Area",25220
1688.0,987.0,701.0,"Hanford-Corcoran, CA Metro Area",25260
73.0,73.0,0.0,"Hannibal, MO Micro Area",25300
6419.0,3468.0,2951.0,"Harrisburg-Carlisle, PA Metro Area",25420
42.0,20.0,22.0,"Harrison, AR Micro Area",25460
615.0,348.0,267.0,"Harrisonburg, VA Metro Area",25500
18766.0,9635.0,9131.0,"Hartford-West Hartford-East Hartford, CT Metro Area",25540
129.0,112.0,17.0,"Hastings, NE Micro Area",25580
515.0,245.0,270.0,"Goldsboro, NC Metro Area",24140
316.0,174.0,142.0,"Glens Falls, NY Metro Area",24020
168.0,51.0,117.0,"Glenwood Springs, CO Micro Area",24060
123.0,85.0,38.0,"Gloversville, NY Micro Area",24100
722.0,185.0,537.0,"Grand Forks, ND-MN Metro Area",24220
266.0,181.0,85.0,"Grand Island, NE Metro Area",24260
468.0,236.0,232.0,"Grand Junction, CO Metro Area",24300
79.0,65.0,14.0,"Grand Rapids, MN Micro Area",24330
7534.0,4721.0,2813.0,"Grand Rapids-Wyoming, MI Metro Area",24340
72.0,14.0,58.0,"Grants, NM Micro Area",24380
68.0,29.0,39.0,"Grants Pass, OR Metro Area",24420
8.0,0.0,8.0,"Great Bend, KS Micro Area",24460
282.0,114.0,168.0,"Great Falls, MT Metro Area",24500
1162.0,831.0,331.0,"Greeley, CO Metro Area",24540
2142.0,900.0,1242.0,"Green Bay, WI Metro Area",24580
100.0,70.0,30.0,"Greeneville, TN Micro Area",24620
406.0,119.0,287.0,"Greenfield Town, MA Micro Area",24640
7707.0,4742.0,2965.0,"Greensboro-High Point, NC Metro Area",24660
192.0,34.0,158.0,"Greensburg, IN Micro Area",24700
143.0,75.0,68.0,"Greenville, MS Micro Area",24740
1139.0,598.0,541.0,"Greenville, NC Metro Area",24780
43.0,37.0,6.0,"Greenville, OH Micro Area",24820
0.0,0.0,0.0,"Grenada, MS Micro Area",24980
4702.0,2454.0,2248.0,"Greenville-Anderson-Mauldin, SC Metro Area",24860
100.0,78.0,22.0,"Greenwood, MS Micro Area",24900
229.0,85.0,144.0,"Greenwood, SC Micro Area",24940
104.0,58.0,46.0,"Hood River, OR Micro Area",26220
18.0,18.0,0.0,"Hobbs, NM Micro Area",26020
213.0,49.0,164.0,"Holland, MI Micro Area",26090
745.0,598.0,147.0,"Homosassa Springs, FL Metro Area",26140
14.0,0.0,14.0,"Hope, AR Micro Area",26260
102.0,22.0,80.0,"Hot Springs, AR Metro Area",26300
367.0,93.0,274.0,"Houghton, MI Micro Area",26340
579.0,327.0,252.0,"Houma-Thibodaux, LA Metro Area",26380
156344.0,106498.0,49846.0,"Houston-The Woodlands-Sugar Land, TX Metro Area",26420
306.0,169.0,137.0,"Hudson, NY Micro Area",26460
35.0,35.0,0.0,"Huntingdon, PA Micro Area",26500
97.0,91.0,6.0,"Huntington, IN Micro Area",26540
980.0,500.0,480.0,"Huntington-Ashland, WV-KY-OH Metro Area",26580
3437.0,2086.0,1351.0,"Huntsville, AL Metro Area",26620
385.0,129.0,256.0,"Huntsville, TX Micro Area",26660
439.0,126.0,313.0,"Huron, SD Micro Area",26700
104.0,33.0,71.0,"Hutchinson, KS Micro Area",26740
58.0,16.0,42.0,"Hutchinson, MN Micro Area",26780
410.0,250.0,160.0,"Idaho Falls, ID Metro Area",26820
254.0,127.0,127.0,"Indiana, PA Micro Area",26860
17589.0,10182.0,7407.0,"Indianapolis-Carmel-Anderson, IN Metro Area",26900
11.0,6.0,5.0,"Indianola, MS Micro Area",26940
47.0,36.0,11.0,"Ionia, MI Micro Area",26960
3374.0,1414.0,1960.0,"Iowa City, IA Metro Area",26980
1908.0,1045.0,863.0,"Jackson, MS Metro Area",27140
66.0,46.0,20.0,"Iron Mountain, MI-WI Micro Area",27020
4263.0,711.0,3552.0,"Ithaca, NY Metro Area",27060
277.0,158.0,119.0,"Jackson, MI Metro Area",27100
12.0,12.0,0.0,"Jackson, OH Micro Area",27160
275.0,178.0,97.0,"Jackson, TN Metro Area",27180
90.0,47.0,43.0,"Jackson, WY-ID Micro Area",27220
17373.0,12246.0,5127.0,"Jacksonville, FL Metro Area",27260
77.0,34.0,43.0,"Jacksonville, IL Micro Area",27300
63.0,0.0,63.0,"Jasper, IN Micro Area",27540
1231.0,682.0,549.0,"Jacksonville, NC Metro Area",27340
110.0,110.0,0.0,"Jacksonville, TX Micro Area",27380
52.0,18.0,34.0,"Jamestown, ND Micro Area",27420
250.0,79.0,171.0,"Jamestown-Dunkirk-Fredonia, NY Micro Area",27460
467.0,244.0,223.0,"Janesville-Beloit, WI Metro Area",27500
0.0,0.0,0.0,"Jayuya, PR Micro Area",27580
204.0,118.0,86.0,"Jefferson, GA Micro Area",27600
581.0,221.0,360.0,"Jefferson City, MO Metro Area",27620
53.0,45.0,8.0,"Jennings, LA Micro Area",27660
43.0,30.0,13.0,"Jesup, GA Micro Area",27700
854.0,413.0,441.0,"Johnson City, TN Metro Area",27740
234.0,212.0,22.0,"Johnstown, PA Metro Area",27780
406.0,179.0,227.0,"Jonesboro, AR Metro Area",27860
662.0,365.0,297.0,"Joplin, MO Metro Area",27900
373.0,196.0,177.0,"Junction City, KS Micro Area",27920
570.0,327.0,243.0,"Juneau, AK Micro Area",27940
14461.0,10387.0,4074.0,"Kahului-Wailuku-Lahaina, HI Metro Area",27980
18020.0,9850.0,8170.0,"Kansas City, MO-KS Metro Area",28140
2169.0,1043.0,1126.0,"Kalamazoo-Portage, MI Metro Area",28020
100.0,55.0,45.0,"Kalispell, MT Micro Area",28060
292.0,232.0,60.0,"Kankakee, IL Metro Area",28100
7611.0,5192.0,2419.0,"Kapaa, HI Micro Area",28180
195.0,102.0,93.0,"Kearney, NE Micro Area",28260
325.0,139.0,186.0,"Keene, NH Micro Area",28300
105.0,62.0,43.0,"Kendallville, IN Micro Area",28340
4.0,4.0,0.0,"Kennett, MO Micro Area",28380
2195.0,1585.0,610.0,"Kennewick-Richland, WA Metro Area",28420
242.0,51.0,191.0,"Kerrville, TX Micro Area",28500
324.0,198.0,126.0,"Ketchikan, AK Micro Area",28540
267.0,150.0,117.0,"Key West, FL Micro Area",28580
42.0,28.0,14.0,"Kill Devil Hills, NC Micro Area",28620
3658.0,1946.0,1712.0,"Killeen-Temple, TX Metro Area",28660
471.0,349.0,122.0,"Kingsport-Bristol-Bristol, TN-VA Metro Area",28700
974.0,623.0,351.0,"Kingston, NY Metro Area",28740
237.0,99.0,138.0,"Kingsville, TX Micro Area",28780
142.0,60.0,82.0,"Kinston, NC Micro Area",28820
235.0,26.0,209.0,"Kirksville, MO Micro Area",28860
180.0,134.0,46.0,"Klamath Falls, OR Micro Area",28900
4168.0,2172.0,1996.0,"Knoxville, TN Metro Area",28940
2359.0,1466.0,893.0,"Lafayette, LA Metro Area",29180
268.0,205.0,63.0,"Kokomo, IN Metro Area",29020
161.0,121.0,40.0,"Laconia, NH Micro Area",29060
1419.0,647.0,772.0,"La Crosse-Onalaska, WI-MN Metro Area",29100
4511.0,1265.0,3246.0,"Lafayette-West Lafayette, IN Metro Area",29200
110.0,45.0,65.0,"La Grande, OR Micro Area",29260
449.0,157.0,292.0,"LaGrange, GA Micro Area",29300
774.0,350.0,424.0,"Lake Charles, LA Metro Area",29340
163.0,131.0,32.0,"Lake City, FL Micro Area",29380
838.0,454.0,384.0,"Lake Havasu City-Kingman, AZ Metro Area",29420
3432.0,2596.0,836.0,"Lakeland-Winter Haven, FL Metro Area",29460
19.0,18.0,1.0,"Lamesa, TX Micro Area",29500
3135.0,2148.0,987.0,"Lancaster, PA Metro Area",29540
6876.0,2493.0,4383.0,"Lansing-East Lansing, MI Metro Area",29620
415.0,105.0,310.0,"Laramie, WY Micro Area",29660
563.0,292.0,271.0,"Laredo, TX Metro Area",29700
724.0,267.0,457.0,"Las Cruces, NM Metro Area",29740
37.0,11.0,26.0,"Las Vegas, NM Micro Area",29780
64604.0,40116.0,24488.0,"Las Vegas-Henderson-Paradise, NV Metro Area",29820
111.0,61.0,50.0,"Laurel, MS Micro Area",29860
52.0,12.0,40.0,"Laurinburg, NC Micro Area",29900
2000.0,597.0,1403.0,"Lawrence, KS Metro Area",29940
86.0,54.0,32.0,"Lawrenceburg, TN Micro Area",29980
0.0,0.0,0.0,"Levelland, TX Micro Area",30220
823.0,424.0,399.0,"Lawton, OK Metro Area",30020
46.0,12.0,34.0,"Lebanon, MO Micro Area",30060
470.0,291.0,179.0,"Lebanon, PA Metro Area",30140
136.0,115.0,21.0,"Lewisburg, PA Micro Area",30260
65.0,32.0,33.0,"Lewisburg, TN Micro Area",30280
198.0,109.0,89.0,"Lewiston, ID-WA Metro Area",30300
246.0,168.0,78.0,"Lewiston-Auburn, ME Metro Area",30340
104.0,0.0,104.0,"Lewistown, PA Micro Area",30380
10.0,10.0,0.0,"Lexington, NE Micro Area",30420
4514.0,1956.0,2558.0,"Lexington-Fayette, KY Metro Area",30460
221.0,161.0,60.0,"Liberal, KS Micro Area",30580
239.0,164.0,75.0,"Lima, OH Metro Area",30620
96.0,52.0,44.0,"Lincoln, IL Micro Area",30660
4086.0,1829.0,2257.0,"Lincoln, NE Metro Area",30700
3678.0,2143.0,1535.0,"Little Rock-North Little Rock-Conway, AR Metro Area",30780
60.0,39.0,21.0,"Lock Haven, PA Micro Area",30820
792.0,335.0,457.0,"Logan, UT-ID Metro Area",30860
43.0,20.0,23.0,"Logan, WV Micro Area",30880
153.0,47.0,106.0,"Logansport, IN Micro Area",30900
162.0,74.0,88.0,"London, KY Micro Area",30940
494.0,298.0,196.0,"Longview, TX Metro Area",30980
159.0,67.0,92.0,"Marietta, OH Micro Area",31930
568.0,271.0,297.0,"Manitowoc, WI Micro Area",31820
590.0,262.0,328.0,"Mankato-North Mankato, MN Metro Area",31860
249.0,202.0,47.0,"Mansfield, OH Metro Area",31900
133.0,68.0,65.0,"Marinette, WI-MI Micro Area",31940
40.0,3.0,37.0,"Marion, IN Micro Area",31980
437.0,247.0,190.0,"Longview, WA Metro Area",31020
397.0,258.0,139.0,"Los Alamos, NM Micro Area",31060
680713.0,375545.0,305168.0,"Los Angeles-Long Beach-Anaheim, CA Metro Area",31080
7255.0,3788.0,3467.0,"Louisville/Jefferson County, KY-IN Metro Area",31140
2152.0,892.0,1260.0,"Lubbock, TX Metro Area",31180
42.0,37.0,5.0,"Ludington, MI Micro Area",31220
251.0,188.0,63.0,"Lufkin, TX Micro Area",31260
248.0,174.0,74.0,"Lumberton, NC Micro Area",31300
1030.0,400.0,630.0,"Lynchburg, VA Metro Area",31340
149.0,53.0,96.0,"Macomb, IL Micro Area",31380
1094.0,626.0,468.0,"Macon-Bibb County, GA Metro Area",31420
823.0,655.0,168.0,"Madera, CA Metro Area",31460
91.0,81.0,10.0,"Madison, IN Micro Area",31500
10388.0,3863.0,6525.0,"Madison, WI Metro Area",31540
50.0,31.0,19.0,"Madisonville, KY Micro Area",31580
41.0,41.0,0.0,"Magnolia, AR Micro Area",31620
63.0,53.0,10.0,"Malone, NY Micro Area",31660
17.0,0.0,17.0,"Malvern, AR Micro Area",31680
5096.0,2754.0,2342.0,"Manchester-Nashua, NH Metro Area",31700
1176.0,382.0,794.0,"Manhattan, KS Metro Area",31740
17.0,8.0,9.0,"Middlesborough, KY Micro Area",33180
581.0,284.0,297.0,"Midland, MI Metro Area",33220
45592.0,30865.0,14727.0,"Miami-Fort Lauderdale-West Palm Beach, FL Metro Area",33100
181.0,101.0,80.0,"Michigan City-La Porte, IN Metro Area",33140
770.0,485.0,285.0,"Midland, TX Metro Area",33260
229.0,119.0,110.0,"Milledgeville, GA Micro Area",33300
16345.0,8047.0,8298.0,"Milwaukee-Waukesha-West Allis, WI Metro Area",33340
106.0,67.0,39.0,"Mineral Wells, TX Micro Area",33420
62139.0,35751.0,26388.0,"Minneapolis-St. Paul-Bloomington, MN-WI Metro Area",33460
328.0,120.0,208.0,"Minot, ND Micro Area",33500
529.0,87.0,442.0,"Missoula, MT Metro Area",33540
8572.0,4983.0,3589.0,"Modesto, CA Metro Area",33700
0.0,0.0,0.0,"Mitchell, SD Micro Area",33580
9.0,9.0,0.0,"Moberly, MO Micro Area",33620
2582.0,1642.0,940.0,"Mobile, AL Metro Area",33660
568.0,252.0,316.0,"Monroe, LA Metro Area",33740
291.0,228.0,63.0,"Monroe, MI Metro Area",33780
2180.0,1141.0,1039.0,"Montgomery, AL Metro Area",33860
114.0,36.0,78.0,"Montrose, CO Micro Area",33940
239.0,136.0,103.0,"Morehead City, NC Micro Area",33980
15.0,15.0,0.0,"Mexico, MO Micro Area",33020
56.0,36.0,20.0,"Miami, OK Micro Area",33060
212.0,121.0,91.0,"Marshall, MN Micro Area",32140
143.0,143.0,0.0,"Marion, NC Micro Area",32000
158.0,92.0,66.0,"Marion, OH Micro Area",32020
113.0,50.0,63.0,"Marquette, MI Micro Area",32100
85.0,85.0,0.0,"Marshall, MO Micro Area",32180
79.0,39.0,40.0,"Marshall, TX Micro Area",32220
356.0,82.0,274.0,"Marshalltown, IA Micro Area",32260
24.0,2.0,22.0,"Martin, TN Micro Area",32280
89.0,82.0,7.0,"Martinsville, VA Micro Area",32300
149.0,0.0,149.0,"Maryville, MO Micro Area",32340
149.0,102.0,47.0,"Mason City, IA Micro Area",32380
19.0,19.0,0.0,"Mayagüez, PR Metro Area",32420
6.0,6.0,0.0,"Mayfield, KY Micro Area",32460
17.0,8.0,9.0,"Maysville, KY Micro Area",32500
45.0,21.0,24.0,"McAlester, OK Micro Area",32540
2949.0,1846.0,1103.0,"McAllen-Edinburg-Mission, TX Metro Area",32580
57.0,29.0,28.0,"McComb, MS Micro Area",32620
71.0,34.0,37.0,"McMinnville, TN Micro Area",32660
102.0,36.0,66.0,"McPherson, KS Micro Area",32700
85.0,23.0,62.0,"Meadville, PA Micro Area",32740
829.0,554.0,275.0,"Medford, OR Metro Area",32780
8338.0,4973.0,3365.0,"Memphis, TN-MS-AR Metro Area",32820
217.0,120.0,97.0,"Menomonie, WI Micro Area",32860
4826.0,2581.0,2245.0,"Merced, CA Metro Area",32900
127.0,51.0,76.0,"Meridian, MS Micro Area",32940
20.0,4.0,16.0,"Merrill, WI Micro Area",32980
14227.0,8419.0,5808.0,"Nashville-Davidson--Murfreesboro--Franklin, TN Metro Area",34980
276.0,130.0,146.0,"Nacogdoches, TX Micro Area",34860
2702.0,2027.0,675.0,"Napa, CA Metro Area",34900
1285.0,1009.0,276.0,"Naples-Immokalee-Marco Island, FL Metro Area",34940
223.0,45.0,178.0,"Moscow, ID Micro Area",34140
313.0,207.0,106.0,"Morgan City, LA Micro Area",34020
1170.0,356.0,814.0,"Morgantown, WV Metro Area",34060
152.0,118.0,34.0,"Morristown, TN Metro Area",34100
233.0,191.0,42.0,"Moses Lake, WA Micro Area",34180
107.0,39.0,68.0,"Moultrie, GA Micro Area",34220
52.0,2.0,50.0,"Mountain Home, AR Micro Area",34260
298.0,87.0,211.0,"Mountain Home, ID Micro Area",34300
106.0,68.0,38.0,"Mount Airy, NC Micro Area",34340
367.0,155.0,212.0,"Mount Pleasant, MI Micro Area",34380
41.0,41.0,0.0,"Mount Pleasant, TX Micro Area",34420
9.0,0.0,9.0,"Mount Sterling, KY Micro Area",34460
123.0,81.0,42.0,"Mount Vernon, IL Micro Area",34500
60.0,44.0,16.0,"Mount Vernon, OH Micro Area",34540
775.0,518.0,257.0,"Mount Vernon-Anacortes, WA Metro Area",34580
533.0,266.0,267.0,"Muncie, IN Metro Area",34620
330.0,132.0,198.0,"Murray, KY Micro Area",34660
78.0,59.0,19.0,"Muscatine, IA Micro Area",34700
293.0,250.0,43.0,"Muskegon, MI Metro Area",34740
158.0,108.0,50.0,"Muskogee, OK Micro Area",34780
1561.0,1195.0,366.0,"Myrtle Beach-Conway-North Myrtle Beach, SC-NC Metro Area",34820
7.0,7.0,0.0,"Newberry, SC Micro Area",35140
46.0,4.0,42.0,"Natchez, MS-LA Micro Area",35020
40.0,22.0,18.0,"Natchitoches, LA Micro Area",35060
634.0,239.0,395.0,"New Bern, NC Metro Area",35100
10883.0,7673.0,3210.0,"New Orleans-Metairie, LA Metro Area",35380
66.0,19.0,47.0,"New Castle, IN Micro Area",35220
80.0,59.0,21.0,"New Castle, PA Micro Area",35260
11125.0,6400.0,4725.0,"New Haven-Milford, CT Metro Area",35300
96.0,44.0,52.0,"New Philadelphia-Dover, OH Micro Area",35420
156.0,106.0,50.0,"Newport, OR Micro Area",35440
0.0,0.0,0.0,"Newport, TN Micro Area",35460
38.0,33.0,5.0,"Newton, IA Micro Area",35500
160.0,115.0,45.0,"Nogales, AZ Micro Area",35700
62.0,53.0,9.0,"New Ulm, MN Micro Area",35580
684651.0,354317.0,330334.0,"New York-Newark-Jersey City, NY-NJ-PA Metro Area",35620
978.0,543.0,435.0,"Niles-Benton Harbor, MI Metro Area",35660
147.0,37.0,110.0,"Norfolk, NE Micro Area",35740
109.0,89.0,20.0,"North Platte, NE Micro Area",35820
4241.0,3173.0,1068.0,"North Port-Sarasota-Bradenton, FL Metro Area",35840
36.0,26.0,10.0,"North Vernon, IN Micro Area",35860
75.0,67.0,8.0,"North Wilkesboro, NC Micro Area",35900
52.0,36.0,16.0,"Norwalk, OH Micro Area",35940
3823.0,2388.0,1435.0,"Norwich-New London, CT Metro Area",35980
467.0,253.0,214.0,"Odessa, TX Metro Area",36220
1126.0,672.0,454.0,"Oak Harbor, WA Micro Area",36020
1789.0,1469.0,320.0,"Ocala, FL Metro Area",36100
253.0,107.0,146.0,"Ocean City, NJ Metro Area",36140
2886.0,1900.0,986.0,"Ogden-Clearfield, UT Metro Area",36260
294.0,132.0,162.0,"Ogdensburg-Massena, NY Micro Area",36300
63.0,30.0,33.0,"Oil City, PA Micro Area",36340
109.0,54.0,55.0,"Okeechobee, FL Micro Area",36380
12575.0,8178.0,4397.0,"Oklahoma City, OK Metro Area",36420
212.0,110.0,102.0,"Olean, NY Micro Area",36460
4835.0,2935.0,1900.0,"Olympia-Tumwater, WA Metro Area",36500
7386.0,3465.0,3921.0,"Omaha-Council Bluffs, NE-IA Metro Area",36540
152.0,97.0,55.0,"Oneonta, NY Micro Area",36580
213.0,164.0,49.0,"Ontario, OR-ID Micro Area",36620
48.0,48.0,0.0,"Opelousas, LA Micro Area",36660
239.0,213.0,26.0,"Orangeburg, SC Micro Area",36700
29648.0,20779.0,8869.0,"Orlando-Kissimmee-Sanford, FL Metro Area",36740
1339.0,566.0,773.0,"Oshkosh-Neenah, WI Metro Area",36780
70.0,47.0,23.0,"Oskaloosa, IA Micro Area",36820
102.0,36.0,66.0,"Othello, WA Micro Area",36830
68.0,25.0,43.0,"Ottawa, KS Micro Area",36840
310.0,128.0,182.0,"Ottawa-Peru, IL Micro Area",36860
90.0,85.0,5.0,"Ottumwa, IA Micro Area",36900
93.0,52.0,41.0,"Owatonna, MN Micro Area",36940
429.0,187.0,242.0,"Owensboro, KY Metro Area",36980
18817.0,13835.0,4982.0,"Oxnard-Thousand Oaks-Ventura, CA Metro Area",37100
30.0,30.0,0.0,"Owosso, MI Micro Area",37020
463.0,210.0,253.0,"Oxford, MS Micro Area",37060
89.0,89.0,0.0,"Oxford, NC Micro Area",37080
114.0,108.0,6.0,"Palatka, FL Micro Area",37260
166.0,84.0,82.0,"Ozark, AL Micro Area",37120
91.0,56.0,35.0,"Paducah, KY-IL Micro Area",37140
328.0,206.0,122.0,"Pahrump, NV Micro Area",37220
102.0,60.0,42.0,"Palestine, TX Micro Area",37300
4187.0,3031.0,1156.0,"Palm Bay-Melbourne-Titusville, FL Metro Area",37340
20.0,20.0,0.0,"Pampa, TX Micro Area",37420
1011.0,603.0,408.0,"Panama City, FL Metro Area",37460
35.0,35.0,0.0,"Paragould, AR Micro Area",37500
11.0,0.0,11.0,"Paris, TN Micro Area",37540
115.0,77.0,38.0,"Paris, TX Micro Area",37580
159.0,111.0,48.0,"Parkersburg-Vienna, WV Metro Area",37620
0.0,0.0,0.0,"Parsons, KS Micro Area",37660
132.0,78.0,54.0,"Payson, AZ Micro Area",37740
50.0,27.0,23.0,"Pecos, TX Micro Area",37780
117.0,91.0,26.0,"Pella, IA Micro Area",37800
3655.0,2495.0,1160.0,"Pensacola-Ferry Pass-Brent, FL Metro Area",37860
2942.0,1490.0,1452.0,"Peoria, IL Metro Area",37900
51.0,27.0,24.0,"Peru, IN Micro Area",37940
107788.0,67075.0,40713.0,"Philadelphia-Camden-Wilmington, PA-NJ-DE-MD Metro Area",37980
197.0,67.0,130.0,"Pine Bluff, AR Metro Area",38220
55014.0,33983.0,21031.0,"Phoenix-Mesa-Scottsdale, AZ Metro Area",38060
131.0,0.0,131.0,"Picayune, MS Micro Area",38100
61.0,0.0,61.0,"Pierre, SD Micro Area",38180
326.0,211.0,115.0,"Pinehurst-Southern Pines, NC Micro Area",38240
249.0,38.0,211.0,"Pittsburg, KS Micro Area",38260
18487.0,8328.0,10159.0,"Pittsburgh, PA Metro Area",38300
497.0,174.0,323.0,"Pittsfield, MA Metro Area",38340
46.0,26.0,20.0,"Plainview, TX Micro Area",38380
62.0,46.0,16.0,"Platteville, WI Micro Area",38420
279.0,125.0,154.0,"Plattsburgh, NY Micro Area",38460
75.0,62.0,13.0,"Plymouth, IN Micro Area",38500
406.0,237.0,169.0,"Pocatello, ID Metro Area",38540
38.0,26.0,12.0,"Point Pleasant, WV-OH Micro Area",38580
97.0,93.0,4.0,"Ponca City, OK Micro Area",38620
150.0,102.0,48.0,"Ponce, PR Metro Area",38660
76.0,51.0,25.0,"Pontiac, IL Micro Area",38700
67.0,57.0,10.0,"Poplar Bluff, MO Micro Area",38740
0.0,0.0,0.0,"Portales, NM Micro Area",38780
363.0,228.0,135.0,"Port Angeles, WA Micro Area",38820
30.0,14.0,16.0,"Port Clinton, OH Micro Area",38840
2670.0,1522.0,1148.0,"Portland-South Portland, ME Metro Area",38860
698.0,584.0,114.0,"Prescott, AZ Metro Area",39140
49974.0,32136.0,17838.0,"Portland-Vancouver-Hillsboro, OR-WA Metro Area",38900
371.0,129.0,242.0,"Port Lavaca, TX Micro Area",38920
2089.0,1689.0,400.0,"Port St. Lucie, FL Metro Area",38940
147.0,121.0,26.0,"Portsmouth, OH Micro Area",39020
223.0,146.0,77.0,"Pottsville, PA Micro Area",39060
15.0,0.0,15.0,"Price, UT Micro Area",39220
51.0,9.0,42.0,"Prineville, OR Micro Area",39260
14239.0,7406.0,6833.0,"Providence-Warwick, RI-MA Metro Area",39300
2238.0,1189.0,1049.0,"Provo-Orem, UT Metro Area",39340
504.0,274.0,230.0,"Pueblo, CO Metro Area",39380
1519.0,325.0,1194.0,"Pullman, WA Micro Area",39420
730.0,489.0,241.0,"Punta Gorda, FL Metro Area",39460
158.0,83.0,75.0,"Quincy, IL-MO Micro Area",39500
705.0,419.0,286.0,"Racine, WI Metro Area",39540
21830.0,14102.0,7728.0,"Raleigh, NC Metro Area",39580
416.0,115.0,301.0,"Rapid City, SD Metro Area",39660
0.0,0.0,0.0,"Raymondville, TX Micro Area",39700
1582.0,1224.0,358.0,"Reading, PA Metro Area",39740
236.0,172.0,64.0,"Red Bluff, CA Micro Area",39780
1482.0,684.0,798.0,"Redding, CA Metro Area",39820
74.0,37.0,37.0,"Red Wing, MN Micro Area",39860
8294.0,4629.0,3665.0,"Reno, NV Metro Area",39900
85.0,35.0,50.0,"Rexburg, ID Micro Area",39940
178.0,149.0,29.0,"Richmond, IN Micro Area",39980
83948.0,59407.0,24541.0,"Riverside-San Bernardino-Ontario, CA Metro Area",40140
14898.0,8943.0,5955.0,"Richmond, VA Metro Area",40060
256.0,104.0,152.0,"Richmond-Berea, KY Micro Area",40080
10.0,5.0,5.0,"Rio Grande City, TX Micro Area",40100
14.0,9.0,5.0,"Riverton, WY Micro Area",40180
1996.0,893.0,1103.0,"Roanoke, VA Metro Area",40220
184.0,170.0,14.0,"Roanoke Rapids, NC Micro Area",40260
2673.0,1854.0,819.0,"Rockford, IL Metro Area",40420
48.0,34.0,14.0,"Rochelle, IL Micro Area",40300
2817.0,1757.0,1060.0,"Rochester, MN Metro Area",40340
9184.0,4870.0,4314.0,"Rochester, NY Metro Area",40380
145.0,94.0,51.0,"Rockingham, NC Micro Area",40460
73.0,62.0,11.0,"Rock Springs, WY Micro Area",40540
297.0,159.0,138.0,"Rocky Mount, NC Metro Area",40580
519.0,90.0,429.0,"Rolla, MO Micro Area",40620
459.0,239.0,220.0,"Rome, GA Metro Area",40660
386.0,264.0,122.0,"Roseburg, OR Micro Area",40700
47.0,41.0,6.0,"Roswell, NM Micro Area",40740
28.0,28.0,0.0,"Ruidoso, NM Micro Area",40760
214.0,174.0,40.0,"Russellville, AR Micro Area",40780
174.0,47.0,127.0,"Ruston, LA Micro Area",40820
129.0,70.0,59.0,"Rutland, VT Micro Area",40860
88335.0,54102.0,34233.0,"Sacramento--Roseville--Arden-Arcade, CA Metro Area",40900
52.0,44.0,8.0,"Safford, AZ Micro Area",40940
766.0,382.0,384.0,"Saginaw, MI Metro Area",40980
22664.0,12731.0,9933.0,"St. Louis, MO-IL Metro Area",41180
1128.0,432.0,696.0,"St. Cloud, MN Metro Area",41060
286.0,198.0,88.0,"St. George, UT Metro Area",41100
173.0,98.0,75.0,"St. Joseph, MO-KS Metro Area",41140
119.0,101.0,18.0,"St. Marys, GA Micro Area",41220
35.0,10.0,25.0,"St. Marys, PA Micro Area",41260
52.0,8.0,44.0,"Salem, OH Micro Area",41400
2414.0,1315.0,1099.0,"Salem, OR Metro Area",41420
452.0,347.0,105.0,"Salina, KS Micro Area",41460
7953.0,4695.0,3258.0,"Salinas, CA Metro Area",41500
2041.0,1523.0,518.0,"Salisbury, MD-DE Metro Area",41540
13276.0,8289.0,4987.0,"Salt Lake City, UT Metro Area",41620
476.0,210.0,266.0,"San Angelo, TX Metro Area",41660
17429.0,9203.0,8226.0,"San Antonio-New Braunfels, TX Metro Area",41700
115754.0,66280.0,49474.0,"San Diego-Carlsbad, CA Metro Area",41740
44.0,44.0,0.0,"Sandpoint, ID Micro Area",41760
123.0,61.0,62.0,"Sandusky, OH Micro Area",41780
134.0,89.0,45.0,"Sanford, NC Micro Area",41820
384014.0,228672.0,155342.0,"San Francisco-Oakland-Hayward, CA Metro Area",41860
0.0,0.0,0.0,"San Germán, PR Metro Area",41900
212066.0,125882.0,86184.0,"San Jose-Sunnyvale-Santa Clara, CA Metro Area",41940
1970.0,979.0,991.0,"San Juan-Carolina-Caguas, PR Metro Area",41980
6452.0,4227.0,2225.0,"Santa Rosa, CA Metro Area",42220
2536.0,1393.0,1143.0,"San Luis Obispo-Paso Robles-Arroyo Grande, CA Metro Area",42020
3610.0,2111.0,1499.0,"Santa Cruz-Watsonville, CA Metro Area",42100
713.0,482.0,231.0,"Santa Fe, NM Metro Area",42140
0.0,0.0,0.0,"Santa Isabel, PR Micro Area",42180
6993.0,3476.0,3517.0,"Santa Maria-Santa Barbara, CA Metro Area",42200
125.0,79.0,46.0,"Sault Ste. Marie, MI Micro Area",42300
2691.0,1545.0,1146.0,"Savannah, GA Metro Area",42340
110.0,71.0,39.0,"Sayre, PA Micro Area",42380
94.0,44.0,50.0,"Scottsbluff, NE Micro Area",42420
62.0,30.0,32.0,"Scottsboro, AL Micro Area",42460
448.0,354.0,94.0,"Sebastian-Vero Beach, FL Metro Area",42680
2552.0,1260.0,1292.0,"Scranton--Wilkes-Barre--Hazleton, PA Metro Area",42540
156.0,42.0,114.0,"Searcy, AR Micro Area",42620
164299.0,99017.0,65282.0,"Seattle-Tacoma-Bellevue, WA Metro Area",42660
461.0,264.0,197.0,"Sebring, FL Metro Area",42700
68.0,33.0,35.0,"Sedalia, MO Micro Area",42740
92.0,85.0,7.0,"Selinsgrove, PA Micro Area",42780
59.0,51.0,8.0,"Selma, AL Micro Area",42820
161.0,120.0,41.0,"Seneca, SC Micro Area",42860
80.0,27.0,53.0,"Seneca Falls, NY Micro Area",42900
210.0,131.0,79.0,"Sevierville, TN Micro Area",42940
379.0,159.0,220.0,"Seymour, IN Micro Area",42980
263.0,179.0,84.0,"Shelby, NC Micro Area",43140
46.0,36.0,10.0,"Shawano, WI Micro Area",43020
200.0,132.0,68.0,"Shawnee, OK Micro Area",43060
1379.0,606.0,773.0,"Sheboygan, WI Metro Area",43100
37.0,19.0,18.0,"Shelbyville, TN Micro Area",43180
215.0,203.0,12.0,"Shelton, WA Micro Area",43220
54.0,54.0,0.0,"Sheridan, WY Micro Area",43260
464.0,252.0,212.0,"Sherman-Denison, TX Metro Area",43300
231.0,113.0,118.0,"Show Low, AZ Micro Area",43320
1609.0,992.0,617.0,"Shreveport-Bossier City, LA Metro Area",43340
238.0,10.0,228.0,"Sidney, OH Micro Area",43380
808.0,462.0,346.0,"Sierra Vista-Douglas, AZ Metro Area",43420
24.0,0.0,24.0,"Sikeston, MO Micro Area",43460
15.0,15.0,0.0,"Silver City, NM Micro Area",43500
1148.0,860.0,288.0,"Sioux City, IA-NE-SD Metro Area",43580
1229.0,711.0,518.0,"Sioux Falls, SD Metro Area",43620
0.0,0.0,0.0,"Snyder, TX Micro Area",43660
143.0,76.0,67.0,"Somerset, KY Micro Area",43700
99.0,50.0,49.0,"Somerset, PA Micro Area",43740
147.0,101.0,46.0,"Sonora, CA Micro Area",43760
2066.0,1076.0,990.0,"South Bend-Mishawaka, IN-MI Metro Area",43780
1913.0,1361.0,552.0,"Spartanburg, SC Metro Area",43900
76.0,9.0,67.0,"Spearfish, SD Micro Area",43940
28.0,28.0,0.0,"Spencer, IA Micro Area",43980
5010.0,2499.0,2511.0,"Springfield, MA Metro Area",44140
13.0,2.0,11.0,"Spirit Lake, IA Micro Area",44020
3657.0,1921.0,1736.0,"Spokane-Spokane Valley, WA Metro Area",44060
1295.0,743.0,552.0,"Springfield, IL Metro Area",44100
1805.0,873.0,932.0,"Springfield, MO Metro Area",44180
225.0,186.0,39.0,"Springfield, OH Metro Area",44220
406.0,139.0,267.0,"Starkville, MS Micro Area",44260
3004.0,855.0,2149.0,"State College, PA Metro Area",44300
269.0,140.0,129.0,"Statesboro, GA Micro Area",44340
30.0,23.0,7.0,"Sterling, CO Micro Area",44540
291.0,155.0,136.0,"Staunton-Waynesboro, VA Metro Area",44420
61.0,44.0,17.0,"Steamboat Springs, CO Micro Area",44460
24.0,24.0,0.0,"Stephenville, TX Micro Area",44500
100.0,86.0,14.0,"Sterling, IL Micro Area",44580
415.0,177.0,238.0,"Stevens Point, WI Micro Area",44620
1161.0,209.0,952.0,"Stillwater, OK Micro Area",44660
28761.0,17792.0,10969.0,"Stockton-Lodi, CA Metro Area",44700
471.0,258.0,213.0,"Storm Lake, IA Micro Area",44740
97.0,72.0,25.0,"Sturgis, MI Micro Area",44780
63.0,48.0,15.0,"Sulphur Springs, TX Micro Area",44860
24.0,24.0,0.0,"Summerville, GA Micro Area",44900
201.0,104.0,97.0,"Summit Park, UT Micro Area",44920
388.0,251.0,137.0,"Sumter, SC Metro Area",44940
150.0,138.0,12.0,"Sunbury, PA Micro Area",44980
68.0,25.0,43.0,"Tahlequah, OK Micro Area",45140
39.0,28.0,11.0,"Susanville, CA Micro Area",45000
12.0,0.0,12.0,"Sweetwater, TX Micro Area",45020
5061.0,2116.0,2945.0,"Syracuse, NY Metro Area",45060
157.0,88.0,69.0,"Talladega-Sylacauga, AL Micro Area",45180
3377.0,1839.0,1538.0,"Tallahassee, FL Metro Area",45220
31116.0,20373.0,10743.0,"Tampa-St. Petersburg-Clearwater, FL Metro Area",45300
68.0,20.0,48.0,"Taos, NM Micro Area",45340
25.0,25.0,0.0,"Taylorville, IL Micro Area",45380
692.0,308.0,384.0,"Terre Haute, IN Metro Area",45460
324.0,112.0,212.0,"Texarkana, TX-AR Metro Area",45500
45.0,19.0,26.0,"The Dalles, OR Micro Area",45520
235.0,235.0,0.0,"The Villages, FL Metro Area",45540
23.0,15.0,8.0,"Thomaston, GA Micro Area",45580
103.0,0.0,103.0,"Thomasville, GA Micro Area",45620
127.0,27.0,100.0,"Tiffin, OH Micro Area",45660
107.0,19.0,88.0,"Tifton, GA Micro Area",45700
0.0,0.0,0.0,"Toccoa, GA Micro Area",45740
3393.0,1628.0,1765.0,"Toledo, OH Metro Area",45780
893.0,384.0,509.0,"Topeka, KS Metro Area",45820
1016.0,667.0,349.0,"Torrington, CT Micro Area",45860
195.0,133.0,62.0,"Traverse City, MI Micro Area",45900
12049.0,8431.0,3618.0,"Trenton, NJ Metro Area",45940
222.0,92.0,130.0,"Troy, AL Micro Area",45980
6572.0,3619.0,2953.0,"Tulsa, OK Metro Area",46140
423.0,348.0,75.0,"Truckee-Grass Valley, CA Micro Area",46020
10375.0,5608.0,4767.0,"Tucson, AZ Metro Area",46060
241.0,157.0,84.0,"Tullahoma-Manchester, TN Micro Area",46100
225.0,174.0,51.0,"Tupelo, MS Micro Area",46180
992.0,370.0,622.0,"Tuscaloosa, AL Metro Area",46220
394.0,272.0,122.0,"Twin Falls, ID Micro Area",46300
1106.0,559.0,547.0,"Tyler, TX Metro Area",46340
434.0,236.0,198.0,"Ukiah, CA Micro Area",46380
18.0,14.0,4.0,"Union City, TN-KY Micro Area",46460
45.0,20.0,25.0,"Urbana, OH Micro Area",46500
142332.0,97994.0,44338.0,"Urban Honolulu, HI Metro Area",46520
2530.0,1191.0,1339.0,"Utica-Rome, NY Metro Area",46540
75.0,68.0,7.0,"Uvalde, TX Micro Area",46620
448.0,254.0,194.0,"Valdosta, GA Metro Area",46660
18994.0,12570.0,6424.0,"Vallejo-Fairfield, CA Metro Area",46700
153.0,4.0,149.0,"Valley, AL Micro Area",46740
31.0,23.0,8.0,"Van Wert, OH Micro Area",46780
158.0,28.0,130.0,"Vermillion, SD Micro Area",46820
56.0,22.0,34.0,"Vernal, UT Micro Area",46860
35.0,3.0,32.0,"Vernon, TX Micro Area",46900
186.0,122.0,64.0,"Vicksburg, MS Micro Area",46980
556.0,432.0,124.0,"Vineland-Bridgeton, NJ Metro Area",47220
357.0,282.0,75.0,"Victoria, TX Metro Area",47020
47.0,38.0,9.0,"Vidalia, GA Micro Area",47080
116.0,67.0,49.0,"Vincennes, IN Micro Area",47180
16.0,16.0,0.0,"Vineyard Haven, MA Micro Area",47240
19763.0,13614.0,6149.0,"Virginia Beach-Norfolk-Newport News, VA-NC Metro Area",47260
11.0,11.0,0.0,"Wahpeton, ND-MN Micro Area",47420
4467.0,2709.0,1758.0,"Visalia-Porterville, CA Metro Area",47300
25.0,25.0,0.0,"Wabash, IN Micro Area",47340
1237.0,568.0,669.0,"Waco, TX Metro Area",47380
251.0,156.0,95.0,"Walla Walla, WA Metro Area",47460
131.0,44.0,87.0,"Wapakoneta, OH Micro Area",47540
1331.0,844.0,487.0,"Warner Robins, GA Metro Area",47580
71.0,54.0,17.0,"Warren, PA Micro Area",47620
244.0,89.0,155.0,"Warrensburg, MO Micro Area",47660
339.0,157.0,182.0,"Warsaw, IN Micro Area",47700
24.0,10.0,14.0,"Washington, IN Micro Area",47780
7.0,7.0,0.0,"Washington, NC Micro Area",47820
190518.0,130139.0,60379.0,"Washington-Arlington-Alexandria, DC-VA-MD-WV Metro Area",47900
55.0,24.0,31.0,"Washington Court House, OH Micro Area",47920
725.0,418.0,307.0,"Waterloo-Cedar Falls, IA Metro Area",47940
75.0,0.0,75.0,"Watertown, SD Micro Area",47980
1644.0,962.0,682.0,"Wausau, WI Metro Area",48140
180.0,70.0,110.0,"Watertown-Fort Atkinson, WI Micro Area",48020
657.0,215.0,442.0,"Watertown-Fort Drum, NY Metro Area",48060
50.0,10.0,40.0,"Wauchula, FL Micro Area",48100
117.0,6.0,111.0,"Waycross, GA Micro Area",48180
95.0,73.0,22.0,"Weatherford, OK Micro Area",48220
146.0,134.0,12.0,"Weirton-Steubenville, WV-OH Metro Area",48260
268.0,247.0,21.0,"Wenatchee, WA Metro Area",48300
87.0,46.0,41.0,"West Plains, MO Micro Area",48460
30.0,16.0,14.0,"West Point, MS Micro Area",48500
636.0,437.0,199.0,"Wichita Falls, TX Metro Area",48660
167.0,128.0,39.0,"Wheeling, WV-OH Metro Area",48540
260.0,149.0,111.0,"Whitewater-Elkhorn, WI Micro Area",48580
6827.0,4606.0,2221.0,"Wichita, KS Metro Area",48620
191.0,134.0,57.0,"Williamsport, PA Metro Area",48700
84.0,56.0,28.0,"Williston, ND Micro Area",48780
121.0,65.0,56.0,"Willmar, MN Micro Area",48820
969.0,567.0,402.0,"Wilmington, NC Metro Area",48900
34.0,34.0,0.0,"Wilmington, OH Micro Area",48940
220.0,136.0,84.0,"Wilson, NC Micro Area",48980
3193.0,2103.0,1090.0,"Winston-Salem, NC Metro Area",49180
488.0,294.0,194.0,"Winchester, VA-WV Metro Area",49020
21.0,7.0,14.0,"Winnemucca, NV Micro Area",49080
218.0,148.0,70.0,"Winona, MN Micro Area",49100
402.0,216.0,186.0,"Wisconsin Rapids-Marshfield, WI Micro Area",49220
31.0,11.0,20.0,"Woodward, OK Micro Area",49260
359.0,242.0,117.0,"Wooster, OH Micro Area",49300
11726.0,7073.0,4653.0,"Worcester, MA-CT Metro Area",49340
439.0,135.0,304.0,"Worthington, MN Micro Area",49380
812.0,444.0,368.0,"Yakima, WA Metro Area",49420
56.0,33.0,23.0,"Yankton, SD Micro Area",49460
1913.0,1272.0,641.0,"York-Hanover, PA Metro Area",49620
1066.0,734.0,332.0,"Youngstown-Warren-Boardman, OH-PA Metro Area",49660
4884.0,3168.0,1716.0,"Yuba City, CA Metro Area",49700
935.0,498.0,437.0,"Yuma, AZ Metro Area",49740
125.0,63.0,62.0,"Zanesville, OH Micro Area",49780
13.0,13.0,0.0,"Zapata, TX Micro Area",49820
