B19013D_001E,name,metropolitan statistical area/micropolitan statistical area
42845.0,"Aberdeen, SD Micro Area",10100
58636.0,"Aberdeen, WA Micro Area",10140
45703.0,"Abilene, TX Metro Area",10180
25938.0,"Ada, OK Micro Area",10220
-666666666.0,"Adjuntas, PR Micro Area",10260
110357.0,"Adrian, MI Micro Area",10300
9286.0,"Aguadilla-Isabela, PR Metro Area",10380
56813.0,"Akron, OH Metro Area",10420
-666666666.0,"Alamogordo, NM Micro Area",10460
57031.0,"Albany, GA Metro Area",10500
54926.0,"Albany, OR Metro Area",10540
74467.0,"Albany-Schenectady-Troy, NY Metro Area",10580
42377.0,"Albemarle, NC Micro Area",10620
42135.0,"Albert Lea, MN Micro Area",10660
124063.0,"Albertville, AL Micro Area",10700
68013.0,"Albuquerque, NM Metro Area",10740
-666666666.0,"Alexander City, AL Micro Area",10760
45417.0,"Alexandria, LA Metro Area",10780
103750.0,"Alexandria, MN Micro Area",10820
-666666666.0,"Alice, TX Micro Area",10860
86558.0,"Allentown-Bethlehem-Easton, PA-NJ Metro Area",10900
250001.0,"Alma, MI Micro Area",10940
-666666666.0,"Alpena, MI Micro Area",10980
68992.0,"Altoona, PA Metro Area",11020
61685.0,"Altus, OK Micro Area",11060
49542.0,"Amarillo, TX Metro Area",11100
-666666666.0,"Americus, GA Micro Area",11140
24695.0,"Ames, IA Metro Area",11180
32100.0,"Amsterdam, NY Micro Area",11220
69673.0,"Anchorage, AK Metro Area",11260
-666666666.0,"Andrews, TX Micro Area",11380
45156.0,"Angola, IN Micro Area",11420
64730.0,"Ann Arbor, MI Metro Area",11460
40313.0,"Anniston-Oxford-Jacksonville, AL Metro Area",11500
59821.0,"Appleton, WI Metro Area",11540
-666666666.0,"Arcadia, FL Micro Area",11580
49485.0,"Ardmore, OK Micro Area",11620
13492.0,"Arecibo, PR Metro Area",11640
-666666666.0,"Arkadelphia, AR Micro Area",11660
85682.0,"Arkansas City-Winfield, KS Micro Area",11680
51300.0,"Asheville, NC Metro Area",11700
-666666666.0,"Ashland, OH Micro Area",11740
-666666666.0,"Ashtabula, OH Micro Area",11780
48359.0,"Astoria, OR Micro Area",11820
-666666666.0,"Atchison, KS Micro Area",11860
20444.0,"Athens, OH Micro Area",11900
-666666666.0,"Athens, TN Micro Area",11940
61771.0,"Athens, TX Micro Area",11980
53047.0,"Austin, MN Micro Area",12380
51760.0,"Auburn-Opelika, AL Metro Area",12220
63099.0,"Augusta-Richmond County, GA-SC Metro Area",12260
44188.0,"Augusta-Waterville, ME Micro Area",12300
89777.0,"Austin-Round Rock, TX Metro Area",12420
78929.0,"Bainbridge, GA Micro Area",12460
72345.0,"Bakersfield, CA Metro Area",12540
95163.0,"Baltimore-Columbia-Towson, MD Metro Area",12580
75948.0,"Bangor, ME Metro Area",12620
52250.0,"Baraboo, WI Micro Area",12660
-666666666.0,"Bardstown, KY Micro Area",12680
75333.0,"Barnstable Town, MA Metro Area",12700
53047.0,"Barre, VT Micro Area",12740
84178.0,"Bartlesville, OK Micro Area",12780
40375.0,"Bastrop, LA Micro Area",12820
154792.0,"Batavia, NY Micro Area",12860
33750.0,"Batesville, AR Micro Area",12900
67096.0,"Baton Rouge, LA Metro Area",12940
45625.0,"Battle Creek, MI Metro Area",12980
45344.0,"Athens-Clarke County, GA Metro Area",12020
77264.0,"Atlanta-Sandy Springs-Roswell, GA Metro Area",12060
57297.0,"Atlantic City-Hammonton, NJ Metro Area",12100
-666666666.0,"Atmore, AL Micro Area",12120
75521.0,"Auburn, IN Micro Area",12140
91719.0,"Auburn, NY Micro Area",12180
58525.0,"Beaumont-Port Arthur, TX Metro Area",13140
101576.0,"Bay City, MI Metro Area",13020
26201.0,"Bay City, TX Micro Area",13060
50104.0,"Beatrice, NE Micro Area",13100
-666666666.0,"Beaver Dam, WI Micro Area",13180
57024.0,"Beckley, WV Metro Area",13220
81827.0,"Bedford, IN Micro Area",13260
250001.0,"Beeville, TX Micro Area",13300
45556.0,"Bellefontaine, OH Micro Area",13340
67265.0,"Bellingham, WA Metro Area",13380
37826.0,"Bemidji, MN Micro Area",13420
65703.0,"Bend-Redmond, OR Metro Area",13460
40192.0,"Bennettsville, SC Micro Area",13500
121116.0,"Bennington, VT Micro Area",13540
-666666666.0,"Berlin, NH-VT Micro Area",13620
-666666666.0,"Big Rapids, MI Micro Area",13660
75250.0,"Big Spring, TX Micro Area",13700
220441.0,"Big Stone Gap, VA Micro Area",13720
72525.0,"Billings, MT Metro Area",13740
37021.0,"Binghamton, NY Metro Area",13780
74142.0,"Birmingham-Hoover, AL Metro Area",13820
123556.0,"Bismarck, ND Metro Area",13900
-666666666.0,"Blackfoot, ID Micro Area",13940
31434.0,"Blacksburg-Christiansburg-Radford, VA Metro Area",13980
-666666666.0,"Bluefield, WV-VA Micro Area",14140
88092.0,"Bloomington, IL Metro Area",14010
13729.0,"Bloomington, IN Metro Area",14020
64279.0,"Bloomsburg-Berwick, PA Metro Area",14100
-666666666.0,"Blytheville, AR Micro Area",14180
48594.0,"Bogalusa, LA Micro Area",14220
73036.0,"Boise City, ID Metro Area",14260
17614.0,"Bonham, TX Micro Area",14300
-666666666.0,"Boone, IA Micro Area",14340
-666666666.0,"Boone, NC Micro Area",14380
32708.0,"Borger, TX Micro Area",14420
87686.0,"Boston-Cambridge-Newton, MA-NH Metro Area",14460
86932.0,"Boulder, CO Metro Area",14500
41733.0,"Bowling Green, KY Metro Area",14540
75595.0,"Bozeman, MT Micro Area",14580
-666666666.0,"Bradford, PA Micro Area",14620
65644.0,"Brainerd, MN Micro Area",14660
-666666666.0,"Branson, MO Micro Area",14700
-666666666.0,"Breckenridge, CO Micro Area",14720
74670.0,"Bremerton-Silverdale, WA Metro Area",14740
80911.0,"Brenham, TX Micro Area",14780
38088.0,"Brevard, NC Micro Area",14820
116347.0,"Bridgeport-Stamford-Norwalk, CT Metro Area",14860
-666666666.0,"Brownsville, TN Micro Area",15140
-666666666.0,"Brookhaven, MS Micro Area",15020
33631.0,"Brookings, OR Micro Area",15060
29333.0,"Brookings, SD Micro Area",15100
82604.0,"Brownsville-Harlingen, TX Metro Area",15180
54297.0,"Brownwood, TX Micro Area",15220
48646.0,"Brunswick, GA Metro Area",15260
-666666666.0,"Bucyrus, OH Micro Area",15340
47946.0,"Buffalo-Cheektowaga-Niagara Falls, NY Metro Area",15380
-666666666.0,"Burley, ID Micro Area",15420
78409.0,"Burlington, IA-IL Micro Area",15460
62000.0,"Burlington, NC Metro Area",15500
58912.0,"Burlington-South Burlington, VT Metro Area",15540
-666666666.0,"Butte-Silver Bow, MT Micro Area",15580
106771.0,"Cadillac, MI Micro Area",15620
62719.0,"Calhoun, GA Micro Area",15660
118313.0,"California-Lexington Park, MD Metro Area",15680
-666666666.0,"Cambridge, MD Micro Area",15700
-666666666.0,"Cambridge, OH Micro Area",15740
-666666666.0,"Camden, AR Micro Area",15780
82396.0,"Canton-Massillon, OH Metro Area",15940
-666666666.0,"Campbellsville, KY Micro Area",15820
-666666666.0,"Cañon City, CO Micro Area",15860
21406.0,"Canton, IL Micro Area",15900
61165.0,"Cape Coral-Fort Myers, FL Metro Area",15980
-666666666.0,"Carroll, IA Micro Area",16140
-666666666.0,"Cape Girardeau, MO-IL Metro Area",16020
40965.0,"Carbondale-Marion, IL Metro Area",16060
-666666666.0,"Carlsbad-Artesia, NM Micro Area",16100
82143.0,"Carson City, NV Metro Area",16180
84010.0,"Casper, WY Metro Area",16220
51364.0,"Cedar City, UT Micro Area",16260
84423.0,"Cedar Rapids, IA Metro Area",16300
-666666666.0,"Cedartown, GA Micro Area",16340
16992.0,"Celina, OH Micro Area",16380
38333.0,"Central City, KY Micro Area",16420
49594.0,"Centralia, IL Micro Area",16460
59485.0,"Centralia, WA Micro Area",16500
92113.0,"Chambersburg-Waynesboro, PA Metro Area",16540
24283.0,"Champaign-Urbana, IL Metro Area",16580
64646.0,"Charleston, WV Metro Area",16620
28977.0,"Charleston-Mattoon, IL Micro Area",16660
67523.0,"Charleston-North Charleston, SC Metro Area",16700
84516.0,"Charlotte-Concord-Gastonia, NC-SC Metro Area",16740
60239.0,"Charlottesville, VA Metro Area",16820
70435.0,"Chattanooga, TN-GA Metro Area",16860
57596.0,"Cheyenne, WY Metro Area",16940
85454.0,"Chicago-Naperville-Elgin, IL-IN-WI Metro Area",16980
59293.0,"Claremont-Lebanon, NH-VT Micro Area",17200
39167.0,"Chico, CA Metro Area",17020
-666666666.0,"Chillicothe, OH Micro Area",17060
78690.0,"Cincinnati, OH-KY-IN Metro Area",17140
58125.0,"Clarksburg, WV Micro Area",17220
33929.0,"Clarksdale, MS Micro Area",17260
40775.0,"Clarksville, TN-KY Metro Area",17300
-666666666.0,"Clearlake, CA Micro Area",17340
-666666666.0,"Cleveland, MS Micro Area",17380
53487.0,"Cleveland, TN Metro Area",17420
69593.0,"Cleveland-Elyria, OH Metro Area",17460
63333.0,"Clewiston, FL Micro Area",17500
38424.0,"Clinton, IA Micro Area",17540
48000.0,"Clovis, NM Micro Area",17580
-666666666.0,"Coamo, PR Micro Area",17620
-666666666.0,"Coco, PR Micro Area",17640
30743.0,"Coeur d'Alene, ID Metro Area",17660
59236.0,"Coffeyville, KS Micro Area",17700
70227.0,"Coldwater, MI Micro Area",17740
34391.0,"College Station-Bryan, TX Metro Area",17780
60625.0,"Colorado Springs, CO Metro Area",17820
42420.0,"Columbia, MO Metro Area",17860
54419.0,"Columbia, SC Metro Area",17900
59567.0,"Columbus, GA-AL Metro Area",17980
-666666666.0,"Cordele, GA Micro Area",18380
-666666666.0,"Connersville, IN Micro Area",18220
43538.0,"Cookeville, TN Micro Area",18260
70192.0,"Coos Bay, OR Micro Area",18300
-666666666.0,"Corinth, MS Micro Area",18420
55511.0,"Cornelia, GA Micro Area",18460
106346.0,"Corning, NY Micro Area",18500
70490.0,"Corpus Christi, TX Metro Area",18580
-666666666.0,"Corsicana, TX Micro Area",18620
-666666666.0,"Cortland, NY Micro Area",18660
27979.0,"Corvallis, OR Metro Area",18700
48500.0,"Coshocton, OH Micro Area",18740
-666666666.0,"Craig, CO Micro Area",18780
-666666666.0,"Crawfordsville, IN Micro Area",18820
-666666666.0,"Crescent City, CA Micro Area",18860
54634.0,"Crestview-Fort Walton Beach-Destin, FL Metro Area",18880
107438.0,"Crossville, TN Micro Area",18900
20234.0,"Cullman, AL Micro Area",18980
73567.0,"Columbus, OH Metro Area",18140
83182.0,"Concord, NH Micro Area",18180
86850.0,"Dallas-Fort Worth-Arlington, TX Metro Area",19100
99125.0,"Columbus, IN Metro Area",18020
-666666666.0,"Columbus, MS Micro Area",18060
-666666666.0,"Columbus, NE Micro Area",18100
-666666666.0,"Cullowhee, NC Micro Area",19000
-666666666.0,"Cumberland, MD-WV Metro Area",19060
51250.0,"Dalton, GA Metro Area",19140
52414.0,"Danville, IL Metro Area",19180
73864.0,"Danville, KY Micro Area",19220
47176.0,"Danville, VA Micro Area",19260
46514.0,"Daphne-Fairhope-Foley, AL Metro Area",19300
65586.0,"Davenport-Moline-Rock Island, IA-IL Metro Area",19340
76940.0,"Dayton, OH Metro Area",19380
-666666666.0,"Dayton, TN Micro Area",19420
53816.0,"Decatur, AL Metro Area",19460
88220.0,"Decatur, IL Metro Area",19500
-666666666.0,"Decatur, IN Micro Area",19540
-666666666.0,"Defiance, OH Micro Area",19580
-666666666.0,"Del Rio, TX Micro Area",19620
49261.0,"Deltona-Daytona Beach-Ormond Beach, FL Metro Area",19660
-666666666.0,"Deming, NM Micro Area",19700
74595.0,"Denver-Aurora-Lakewood, CO Metro Area",19740
83750.0,"DeRidder, LA Micro Area",19760
65995.0,"Des Moines-West Des Moines, IA Metro Area",19780
90101.0,"Detroit-Warren-Dearborn, MI Metro Area",19820
2499.0,"Dickinson, ND Micro Area",19860
32708.0,"Dixon, IL Micro Area",19940
-666666666.0,"Dodge City, KS Micro Area",19980
61389.0,"Dublin, GA Micro Area",20140
46875.0,"Dothan, AL Metro Area",20020
58750.0,"Douglas, GA Micro Area",20060
65000.0,"Dover, DE Metro Area",20100
-666666666.0,"DuBois, PA Micro Area",20180
60078.0,"Dubuque, IA Metro Area",20220
83750.0,"Dunn, NC Micro Area",20380
40227.0,"Duluth, MN-WI Metro Area",20260
55313.0,"Dumas, TX Micro Area",20300
43393.0,"Duncan, OK Micro Area",20340
64333.0,"Durango, CO Micro Area",20420
73056.0,"Durant, OK Micro Area",20460
71319.0,"Durham-Chapel Hill, NC Metro Area",20500
-666666666.0,"Dyersburg, TN Micro Area",20540
-666666666.0,"Eagle Pass, TX Micro Area",20580
70583.0,"Easton, MD Micro Area",20660
76951.0,"East Stroudsburg, PA Metro Area",20700
41860.0,"Eau Claire, WI Metro Area",20740
52391.0,"Edwards, CO Micro Area",20780
67969.0,"Effingham, IL Micro Area",20820
-666666666.0,"El Campo, TX Micro Area",20900
84555.0,"El Centro, CA Metro Area",20940
-666666666.0,"El Dorado, AR Micro Area",20980
65875.0,"Elkhart-Goshen, IN Metro Area",21140
33883.0,"Elizabeth City, NC Micro Area",21020
49612.0,"Elizabethtown-Fort Knox, KY Metro Area",21060
-666666666.0,"Elk City, OK Micro Area",21120
-666666666.0,"Elkins, WV Micro Area",21180
59855.0,"Elko, NV Micro Area",21220
53086.0,"Ellensburg, WA Micro Area",21260
118125.0,"Elmira, NY Metro Area",21300
59938.0,"El Paso, TX Metro Area",21340
-666666666.0,"Emporia, KS Micro Area",21380
49340.0,"Enid, OK Metro Area",21420
45404.0,"Enterprise, AL Micro Area",21460
42168.0,"Erie, PA Metro Area",21500
-666666666.0,"Escanaba, MI Micro Area",21540
73603.0,"Española, NM Micro Area",21580
42500.0,"Eufaula, AL-GA Micro Area",21640
32652.0,"Eugene, OR Metro Area",21660
48505.0,"Eureka-Arcata-Fortuna, CA Micro Area",21700
-666666666.0,"Evanston, WY Micro Area",21740
97794.0,"Evansville, IN-KY Metro Area",21780
56638.0,"Fairbanks, AK Metro Area",21820
2499.0,"Fairfield, IA Micro Area",21840
-666666666.0,"Fairmont, MN Micro Area",21860
-666666666.0,"Fairmont, WV Micro Area",21900
32930.0,"Fallon, NV Micro Area",21980
60563.0,"Frankfort, KY Micro Area",23180
-666666666.0,"Fredericksburg, TX Micro Area",23240
50500.0,"Fort Wayne, IN Metro Area",23060
-666666666.0,"Frankfort, IN Micro Area",23140
-666666666.0,"Freeport, IL Micro Area",23300
-666666666.0,"Fremont, NE Micro Area",23340
-666666666.0,"Fremont, OH Micro Area",23380
55778.0,"Fresno, CA Metro Area",23420
-666666666.0,"Gadsden, AL Metro Area",23460
-666666666.0,"Gaffney, SC Micro Area",23500
50511.0,"Gainesville, FL Metro Area",23540
54688.0,"Gainesville, GA Metro Area",23580
36984.0,"Gainesville, TX Micro Area",23620
113553.0,"Galesburg, IL Micro Area",23660
43542.0,"Gallup, NM Micro Area",23700
74598.0,"Garden City, KS Micro Area",23780
54236.0,"Gardnerville Ranchos, NV Micro Area",23820
-666666666.0,"Georgetown, SC Micro Area",23860
41779.0,"Gettysburg, PA Metro Area",23900
-666666666.0,"Gillette, WY Micro Area",23940
167969.0,"Glasgow, KY Micro Area",23980
58750.0,"Farmington, NM Metro Area",22140
50795.0,"Fargo, ND-MN Metro Area",22020
57578.0,"Faribault-Northfield, MN Micro Area",22060
63351.0,"Farmington, MO Micro Area",22100
49886.0,"Fayetteville, NC Metro Area",22180
74701.0,"Fayetteville-Springdale-Rogers, AR-MO Metro Area",22220
58400.0,"Fergus Falls, MN Micro Area",22260
49500.0,"Fernley, NV Micro Area",22280
57813.0,"Findlay, OH Micro Area",22300
-666666666.0,"Fitzgerald, GA Micro Area",22340
41083.0,"Flagstaff, AZ Metro Area",22380
94987.0,"Flint, MI Metro Area",22420
66778.0,"Florence, SC Metro Area",22500
-666666666.0,"Florence-Muscle Shoals, AL Metro Area",22520
84833.0,"Fond du Lac, WI Metro Area",22540
-666666666.0,"Forest City, NC Micro Area",22580
56094.0,"Forrest City, AR Micro Area",22620
66447.0,"Fort Collins, CO Metro Area",22660
64779.0,"Fort Dodge, IA Micro Area",22700
-666666666.0,"Fort Leonard Wood, MO Micro Area",22780
53631.0,"Fort Madison-Keokuk, IA-IL-MO Micro Area",22800
63583.0,"Fort Morgan, CO Micro Area",22820
65303.0,"Fort Payne, AL Micro Area",22840
37109.0,"Fort Polk South, LA Micro Area",22860
-666666666.0,"Helena-West Helena, AR Micro Area",25760
44940.0,"Fort Smith, AR-OK Metro Area",22900
50880.0,"Hattiesburg, MS Metro Area",25620
-666666666.0,"Hays, KS Micro Area",25700
110231.0,"Heber, UT Micro Area",25720
60278.0,"Helena, MT Micro Area",25740
67955.0,"Henderson, NC Micro Area",25780
114135.0,"Hereford, TX Micro Area",25820
95909.0,"Hermiston-Pendleton, OR Micro Area",25840
56014.0,"Hickory-Lenoir-Morganton, NC Metro Area",25860
44250.0,"Hillsdale, MI Micro Area",25880
61562.0,"Hilo, HI Micro Area",25900
57734.0,"Hilton Head Island-Bluffton-Beaufort, SC Metro Area",25940
49426.0,"Hinesville, GA Metro Area",25980
-666666666.0,"Guayama, PR Metro Area",25020
55397.0,"Gulfport-Biloxi-Pascagoula, MS Metro Area",25060
-666666666.0,"Guymon, OK Micro Area",25100
75172.0,"Hagerstown-Martinsburg, MD-WV Metro Area",25180
62672.0,"Hailey, ID Micro Area",25200
21737.0,"Hammond, LA Metro Area",25220
70316.0,"Hanford-Corcoran, CA Metro Area",25260
115114.0,"Hannibal, MO Micro Area",25300
74078.0,"Harrisburg-Carlisle, PA Metro Area",25420
-666666666.0,"Harrison, AR Micro Area",25460
58750.0,"Harrisonburg, VA Metro Area",25500
88593.0,"Hartford-West Hartford-East Hartford, CT Metro Area",25540
-666666666.0,"Hastings, NE Micro Area",25580
57604.0,"Goldsboro, NC Metro Area",24140
63000.0,"Glens Falls, NY Metro Area",24020
101742.0,"Glenwood Springs, CO Micro Area",24060
59306.0,"Gloversville, NY Micro Area",24100
63958.0,"Grand Forks, ND-MN Metro Area",24220
59063.0,"Grand Island, NE Metro Area",24260
46957.0,"Grand Junction, CO Metro Area",24300
-666666666.0,"Grand Rapids, MN Micro Area",24330
58997.0,"Grand Rapids-Wyoming, MI Metro Area",24340
11310.0,"Grants, NM Micro Area",24380
77672.0,"Grants Pass, OR Metro Area",24420
-666666666.0,"Great Bend, KS Micro Area",24460
48750.0,"Great Falls, MT Metro Area",24500
59750.0,"Greeley, CO Metro Area",24540
64420.0,"Green Bay, WI Metro Area",24580
33750.0,"Greeneville, TN Micro Area",24620
51250.0,"Greenfield Town, MA Micro Area",24640
51572.0,"Greensboro-High Point, NC Metro Area",24660
-666666666.0,"Greensburg, IN Micro Area",24700
52589.0,"Greenville, MS Micro Area",24740
51616.0,"Greenville, NC Metro Area",24780
53650.0,"Greenville, OH Micro Area",24820
-666666666.0,"Grenada, MS Micro Area",24980
54390.0,"Greenville-Anderson-Mauldin, SC Metro Area",24860
-666666666.0,"Greenwood, MS Micro Area",24900
-666666666.0,"Greenwood, SC Micro Area",24940
-666666666.0,"Hood River, OR Micro Area",26220
-666666666.0,"Hobbs, NM Micro Area",26020
46250.0,"Holland, MI Micro Area",26090
73897.0,"Homosassa Springs, FL Metro Area",26140
40714.0,"Hope, AR Micro Area",26260
-666666666.0,"Hot Springs, AR Metro Area",26300
-666666666.0,"Houghton, MI Micro Area",26340
42125.0,"Houma-Thibodaux, LA Metro Area",26380
85602.0,"Houston-The Woodlands-Sugar Land, TX Metro Area",26420
55179.0,"Hudson, NY Micro Area",26460
105817.0,"Huntingdon, PA Micro Area",26500
49401.0,"Huntington, IN Micro Area",26540
61818.0,"Huntington-Ashland, WV-KY-OH Metro Area",26580
81348.0,"Huntsville, AL Metro Area",26620
41678.0,"Huntsville, TX Micro Area",26660
28399.0,"Huron, SD Micro Area",26700
77778.0,"Hutchinson, KS Micro Area",26740
46048.0,"Hutchinson, MN Micro Area",26780
59433.0,"Idaho Falls, ID Metro Area",26820
-666666666.0,"Indiana, PA Micro Area",26860
67317.0,"Indianapolis-Carmel-Anderson, IN Metro Area",26900
-666666666.0,"Indianola, MS Micro Area",26940
-666666666.0,"Ionia, MI Micro Area",26960
42500.0,"Iowa City, IA Metro Area",26980
74191.0,"Jackson, MS Metro Area",27140
-666666666.0,"Iron Mountain, MI-WI Micro Area",27020
30853.0,"Ithaca, NY Metro Area",27060
91042.0,"Jackson, MI Metro Area",27100
-666666666.0,"Jackson, OH Micro Area",27160
67383.0,"Jackson, TN Metro Area",27180
-666666666.0,"Jackson, WY-ID Micro Area",27220
72815.0,"Jacksonville, FL Metro Area",27260
-666666666.0,"Jacksonville, IL Micro Area",27300
-666666666.0,"Jasper, IN Micro Area",27540
50295.0,"Jacksonville, NC Metro Area",27340
-666666666.0,"Jacksonville, TX Micro Area",27380
46875.0,"Jamestown, ND Micro Area",27420
28750.0,"Jamestown-Dunkirk-Fredonia, NY Micro Area",27460
74122.0,"Janesville-Beloit, WI Metro Area",27500
-666666666.0,"Jayuya, PR Micro Area",27580
59702.0,"Jefferson, GA Micro Area",27600
62608.0,"Jefferson City, MO Metro Area",27620
-666666666.0,"Jennings, LA Micro Area",27660
70078.0,"Jesup, GA Micro Area",27700
54667.0,"Johnson City, TN Metro Area",27740
80833.0,"Johnstown, PA Metro Area",27780
43971.0,"Jonesboro, AR Metro Area",27860
50978.0,"Joplin, MO Metro Area",27900
46806.0,"Junction City, KS Micro Area",27920
87969.0,"Juneau, AK Micro Area",27940
79222.0,"Kahului-Wailuku-Lahaina, HI Metro Area",27980
68945.0,"Kansas City, MO-KS Metro Area",28140
57695.0,"Kalamazoo-Portage, MI Metro Area",28020
64211.0,"Kalispell, MT Micro Area",28060
73688.0,"Kankakee, IL Metro Area",28100
75551.0,"Kapaa, HI Micro Area",28180
65048.0,"Kearney, NE Micro Area",28260
67234.0,"Keene, NH Micro Area",28300
37650.0,"Kendallville, IN Micro Area",28340
-666666666.0,"Kennett, MO Micro Area",28380
81197.0,"Kennewick-Richland, WA Metro Area",28420
-666666666.0,"Kerrville, TX Micro Area",28500
61875.0,"Ketchikan, AK Micro Area",28540
72321.0,"Key West, FL Micro Area",28580
-666666666.0,"Kill Devil Hills, NC Micro Area",28620
47500.0,"Killeen-Temple, TX Metro Area",28660
80809.0,"Kingsport-Bristol-Bristol, TN-VA Metro Area",28700
69286.0,"Kingston, NY Metro Area",28740
-666666666.0,"Kingsville, TX Micro Area",28780
-666666666.0,"Kinston, NC Micro Area",28820
2499.0,"Kirksville, MO Micro Area",28860
73542.0,"Klamath Falls, OR Micro Area",28900
67295.0,"Knoxville, TN Metro Area",28940
61703.0,"Lafayette, LA Metro Area",29180
-666666666.0,"Kokomo, IN Metro Area",29020
63651.0,"Laconia, NH Micro Area",29060
57063.0,"La Crosse-Onalaska, WI-MN Metro Area",29100
23621.0,"Lafayette-West Lafayette, IN Metro Area",29200
-666666666.0,"La Grande, OR Micro Area",29260
62366.0,"LaGrange, GA Micro Area",29300
55000.0,"Lake Charles, LA Metro Area",29340
-666666666.0,"Lake City, FL Micro Area",29380
58393.0,"Lake Havasu City-Kingman, AZ Metro Area",29420
64580.0,"Lakeland-Winter Haven, FL Metro Area",29460
-666666666.0,"Lamesa, TX Micro Area",29500
68646.0,"Lancaster, PA Metro Area",29540
47500.0,"Lansing-East Lansing, MI Metro Area",29620
26985.0,"Laramie, WY Micro Area",29660
82841.0,"Laredo, TX Metro Area",29700
40197.0,"Las Cruces, NM Metro Area",29740
42841.0,"Las Vegas, NM Micro Area",29780
63526.0,"Las Vegas-Henderson-Paradise, NV Metro Area",29820
-666666666.0,"Laurel, MS Micro Area",29860
54091.0,"Laurinburg, NC Micro Area",29900
32206.0,"Lawrence, KS Metro Area",29940
250001.0,"Lawrenceburg, TN Micro Area",29980
-666666666.0,"Levelland, TX Micro Area",30220
57558.0,"Lawton, OK Metro Area",30020
-666666666.0,"Lebanon, MO Micro Area",30060
56818.0,"Lebanon, PA Metro Area",30140
56829.0,"Lewisburg, PA Micro Area",30260
74188.0,"Lewisburg, TN Micro Area",30280
-666666666.0,"Lewiston, ID-WA Metro Area",30300
80333.0,"Lewiston-Auburn, ME Metro Area",30340
-666666666.0,"Lewistown, PA Micro Area",30380
-666666666.0,"Lexington, NE Micro Area",30420
60977.0,"Lexington-Fayette, KY Metro Area",30460
75321.0,"Liberal, KS Micro Area",30580
88417.0,"Lima, OH Metro Area",30620
54375.0,"Lincoln, IL Micro Area",30660
45651.0,"Lincoln, NE Metro Area",30700
70581.0,"Little Rock-North Little Rock-Conway, AR Metro Area",30780
38438.0,"Lock Haven, PA Micro Area",30820
40600.0,"Logan, UT-ID Metro Area",30860
46563.0,"Logan, WV Micro Area",30880
70288.0,"Logansport, IN Micro Area",30900
-666666666.0,"London, KY Micro Area",30940
54583.0,"Longview, TX Metro Area",30980
78777.0,"Marietta, OH Micro Area",31930
52703.0,"Manitowoc, WI Micro Area",31820
42286.0,"Mankato-North Mankato, MN Metro Area",31860
96120.0,"Mansfield, OH Metro Area",31900
67303.0,"Marinette, WI-MI Micro Area",31940
2499.0,"Marion, IN Micro Area",31980
53371.0,"Longview, WA Metro Area",31020
111528.0,"Los Alamos, NM Micro Area",31060
75073.0,"Los Angeles-Long Beach-Anaheim, CA Metro Area",31080
65827.0,"Louisville/Jefferson County, KY-IN Metro Area",31140
50778.0,"Lubbock, TX Metro Area",31180
17500.0,"Ludington, MI Micro Area",31220
52708.0,"Lufkin, TX Micro Area",31260
50500.0,"Lumberton, NC Micro Area",31300
40761.0,"Lynchburg, VA Metro Area",31340
54671.0,"Macomb, IL Micro Area",31380
69214.0,"Macon-Bibb County, GA Metro Area",31420
55970.0,"Madera, CA Metro Area",31460
-666666666.0,"Madison, IN Micro Area",31500
66607.0,"Madison, WI Metro Area",31540
-666666666.0,"Madisonville, KY Micro Area",31580
-666666666.0,"Magnolia, AR Micro Area",31620
185313.0,"Malone, NY Micro Area",31660
-666666666.0,"Malvern, AR Micro Area",31680
94128.0,"Manchester-Nashua, NH Metro Area",31700
37946.0,"Manhattan, KS Metro Area",31740
-666666666.0,"Middlesborough, KY Micro Area",33180
102802.0,"Midland, MI Metro Area",33220
70432.0,"Miami-Fort Lauderdale-West Palm Beach, FL Metro Area",33100
51354.0,"Michigan City-La Porte, IN Metro Area",33140
90571.0,"Midland, TX Metro Area",33260
46250.0,"Milledgeville, GA Micro Area",33300
71454.0,"Milwaukee-Waukesha-West Allis, WI Metro Area",33340
-666666666.0,"Mineral Wells, TX Micro Area",33420
73982.0,"Minneapolis-St. Paul-Bloomington, MN-WI Metro Area",33460
79868.0,"Minot, ND Micro Area",33500
51261.0,"Missoula, MT Metro Area",33540
62368.0,"Modesto, CA Metro Area",33700
-666666666.0,"Mitchell, SD Micro Area",33580
-666666666.0,"Moberly, MO Micro Area",33620
52660.0,"Mobile, AL Metro Area",33660
71786.0,"Monroe, LA Metro Area",33740
77284.0,"Monroe, MI Metro Area",33780
69243.0,"Montgomery, AL Metro Area",33860
61667.0,"Montrose, CO Micro Area",33940
-666666666.0,"Morehead City, NC Micro Area",33980
-666666666.0,"Mexico, MO Micro Area",33020
48750.0,"Miami, OK Micro Area",33060
50978.0,"Marshall, MN Micro Area",32140
-666666666.0,"Marion, NC Micro Area",32000
-666666666.0,"Marion, OH Micro Area",32020
90625.0,"Marquette, MI Micro Area",32100
-666666666.0,"Marshall, MO Micro Area",32180
83165.0,"Marshall, TX Micro Area",32220
55769.0,"Marshalltown, IA Micro Area",32260
133235.0,"Martin, TN Micro Area",32280
31801.0,"Martinsville, VA Micro Area",32300
-666666666.0,"Maryville, MO Micro Area",32340
-666666666.0,"Mason City, IA Micro Area",32380
-666666666.0,"Mayagüez, PR Metro Area",32420
-666666666.0,"Mayfield, KY Micro Area",32460
-666666666.0,"Maysville, KY Micro Area",32500
-666666666.0,"McAlester, OK Micro Area",32540
91516.0,"McAllen-Edinburg-Mission, TX Metro Area",32580
-666666666.0,"McComb, MS Micro Area",32620
26250.0,"McMinnville, TN Micro Area",32660
42917.0,"McPherson, KS Micro Area",32700
50402.0,"Meadville, PA Micro Area",32740
73028.0,"Medford, OR Metro Area",32780
74268.0,"Memphis, TN-MS-AR Metro Area",32820
62260.0,"Menomonie, WI Micro Area",32860
53947.0,"Merced, CA Metro Area",32900
84583.0,"Meridian, MS Micro Area",32940
-666666666.0,"Merrill, WI Micro Area",32980
73640.0,"Nashville-Davidson--Murfreesboro--Franklin, TN Metro Area",34980
66154.0,"Nacogdoches, TX Micro Area",34860
104400.0,"Napa, CA Metro Area",34900
75560.0,"Naples-Immokalee-Marco Island, FL Metro Area",34940
-666666666.0,"Moscow, ID Micro Area",34140
28938.0,"Morgan City, LA Micro Area",34020
50968.0,"Morgantown, WV Metro Area",34060
116875.0,"Morristown, TN Metro Area",34100
-666666666.0,"Moses Lake, WA Micro Area",34180
21715.0,"Moultrie, GA Micro Area",34220
36477.0,"Mountain Home, AR Micro Area",34260
-666666666.0,"Mountain Home, ID Micro Area",34300
51979.0,"Mount Airy, NC Micro Area",34340
29464.0,"Mount Pleasant, MI Micro Area",34380
128413.0,"Mount Pleasant, TX Micro Area",34420
-666666666.0,"Mount Sterling, KY Micro Area",34460
165625.0,"Mount Vernon, IL Micro Area",34500
-666666666.0,"Mount Vernon, OH Micro Area",34540
55188.0,"Mount Vernon-Anacortes, WA Metro Area",34580
-666666666.0,"Muncie, IN Metro Area",34620
-666666666.0,"Murray, KY Micro Area",34660
89022.0,"Muscatine, IA Micro Area",34700
43085.0,"Muskegon, MI Metro Area",34740
65357.0,"Muskogee, OK Micro Area",34780
53087.0,"Myrtle Beach-Conway-North Myrtle Beach, SC-NC Metro Area",34820
-666666666.0,"Newberry, SC Micro Area",35140
-666666666.0,"Natchez, MS-LA Micro Area",35020
65500.0,"Natchitoches, LA Micro Area",35060
39706.0,"New Bern, NC Metro Area",35100
59563.0,"New Orleans-Metairie, LA Metro Area",35380
26250.0,"New Castle, IN Micro Area",35220
94022.0,"New Castle, PA Micro Area",35260
82816.0,"New Haven-Milford, CT Metro Area",35300
-666666666.0,"New Philadelphia-Dover, OH Micro Area",35420
52083.0,"Newport, OR Micro Area",35440
-666666666.0,"Newport, TN Micro Area",35460
31190.0,"Newton, IA Micro Area",35500
34333.0,"Nogales, AZ Micro Area",35700
-666666666.0,"New Ulm, MN Micro Area",35580
84332.0,"New York-Newark-Jersey City, NY-NJ-PA Metro Area",35620
71250.0,"Niles-Benton Harbor, MI Metro Area",35660
68699.0,"Norfolk, NE Micro Area",35740
42875.0,"North Platte, NE Micro Area",35820
61806.0,"North Port-Sarasota-Bradenton, FL Metro Area",35840
36250.0,"North Vernon, IN Micro Area",35860
65759.0,"North Wilkesboro, NC Micro Area",35900
-666666666.0,"Norwalk, OH Micro Area",35940
71218.0,"Norwich-New London, CT Metro Area",35980
93563.0,"Odessa, TX Metro Area",36220
60324.0,"Oak Harbor, WA Micro Area",36020
65720.0,"Ocala, FL Metro Area",36100
-666666666.0,"Ocean City, NJ Metro Area",36140
66438.0,"Ogden-Clearfield, UT Metro Area",36260
52778.0,"Ogdensburg-Massena, NY Micro Area",36300
56458.0,"Oil City, PA Micro Area",36340
51761.0,"Okeechobee, FL Micro Area",36380
60548.0,"Oklahoma City, OK Metro Area",36420
63182.0,"Olean, NY Micro Area",36460
71096.0,"Olympia-Tumwater, WA Metro Area",36500
57500.0,"Omaha-Council Bluffs, NE-IA Metro Area",36540
54773.0,"Oneonta, NY Micro Area",36580
37250.0,"Ontario, OR-ID Micro Area",36620
63649.0,"Opelousas, LA Micro Area",36660
92036.0,"Orangeburg, SC Micro Area",36700
64499.0,"Orlando-Kissimmee-Sanford, FL Metro Area",36740
56494.0,"Oshkosh-Neenah, WI Metro Area",36780
57143.0,"Oskaloosa, IA Micro Area",36820
75588.0,"Othello, WA Micro Area",36830
-666666666.0,"Ottawa, KS Micro Area",36840
59464.0,"Ottawa-Peru, IL Micro Area",36860
79375.0,"Ottumwa, IA Micro Area",36900
62961.0,"Owatonna, MN Micro Area",36940
32261.0,"Owensboro, KY Metro Area",36980
109137.0,"Oxnard-Thousand Oaks-Ventura, CA Metro Area",37100
-666666666.0,"Owosso, MI Micro Area",37020
49102.0,"Oxford, MS Micro Area",37060
69279.0,"Oxford, NC Micro Area",37080
98375.0,"Palatka, FL Micro Area",37260
-666666666.0,"Ozark, AL Micro Area",37120
38208.0,"Paducah, KY-IL Micro Area",37140
71071.0,"Pahrump, NV Micro Area",37220
60313.0,"Palestine, TX Micro Area",37300
59252.0,"Palm Bay-Melbourne-Titusville, FL Metro Area",37340
-666666666.0,"Pampa, TX Micro Area",37420
47750.0,"Panama City, FL Metro Area",37460
31080.0,"Paragould, AR Micro Area",37500
-666666666.0,"Paris, TN Micro Area",37540
-666666666.0,"Paris, TX Micro Area",37580
-666666666.0,"Parkersburg-Vienna, WV Metro Area",37620
-666666666.0,"Parsons, KS Micro Area",37660
-666666666.0,"Payson, AZ Micro Area",37740
-666666666.0,"Pecos, TX Micro Area",37780
74625.0,"Pella, IA Micro Area",37800
45573.0,"Pensacola-Ferry Pass-Brent, FL Metro Area",37860
91636.0,"Peoria, IL Metro Area",37900
-666666666.0,"Peru, IN Micro Area",37940
77320.0,"Philadelphia-Camden-Wilmington, PA-NJ-DE-MD Metro Area",37980
57971.0,"Pine Bluff, AR Metro Area",38220
76047.0,"Phoenix-Mesa-Scottsdale, AZ Metro Area",38060
-666666666.0,"Picayune, MS Micro Area",38100
-666666666.0,"Pierre, SD Micro Area",38180
58750.0,"Pinehurst-Southern Pines, NC Micro Area",38240
2499.0,"Pittsburg, KS Micro Area",38260
71124.0,"Pittsburgh, PA Metro Area",38300
67212.0,"Pittsfield, MA Metro Area",38340
-666666666.0,"Plainview, TX Micro Area",38380
71979.0,"Platteville, WI Micro Area",38420
31080.0,"Plattsburgh, NY Micro Area",38460
90670.0,"Plymouth, IN Micro Area",38500
36429.0,"Pocatello, ID Metro Area",38540
36136.0,"Point Pleasant, WV-OH Micro Area",38580
75938.0,"Ponca City, OK Micro Area",38620
15294.0,"Ponce, PR Metro Area",38660
68500.0,"Pontiac, IL Micro Area",38700
250001.0,"Poplar Bluff, MO Micro Area",38740
-666666666.0,"Portales, NM Micro Area",38780
49398.0,"Port Angeles, WA Micro Area",38820
-666666666.0,"Port Clinton, OH Micro Area",38840
50690.0,"Portland-South Portland, ME Metro Area",38860
70185.0,"Prescott, AZ Metro Area",39140
79465.0,"Portland-Vancouver-Hillsboro, OR-WA Metro Area",38900
83207.0,"Port Lavaca, TX Micro Area",38920
71750.0,"Port St. Lucie, FL Metro Area",38940
75521.0,"Portsmouth, OH Micro Area",39020
53882.0,"Pottsville, PA Micro Area",39060
-666666666.0,"Price, UT Micro Area",39220
71932.0,"Prineville, OR Micro Area",39260
73683.0,"Providence-Warwick, RI-MA Metro Area",39300
65905.0,"Provo-Orem, UT Metro Area",39340
36900.0,"Pueblo, CO Metro Area",39380
31496.0,"Pullman, WA Micro Area",39420
54400.0,"Punta Gorda, FL Metro Area",39460
56212.0,"Quincy, IL-MO Micro Area",39500
61976.0,"Racine, WI Metro Area",39540
100389.0,"Raleigh, NC Metro Area",39580
28529.0,"Rapid City, SD Metro Area",39660
-666666666.0,"Raymondville, TX Micro Area",39700
84836.0,"Reading, PA Metro Area",39740
60200.0,"Red Bluff, CA Micro Area",39780
67396.0,"Redding, CA Metro Area",39820
53000.0,"Red Wing, MN Micro Area",39860
62329.0,"Reno, NV Metro Area",39900
-666666666.0,"Rexburg, ID Micro Area",39940
-666666666.0,"Richmond, IN Micro Area",39980
75931.0,"Riverside-San Bernardino-Ontario, CA Metro Area",40140
87419.0,"Richmond, VA Metro Area",40060
90133.0,"Richmond-Berea, KY Micro Area",40080
-666666666.0,"Rio Grande City, TX Micro Area",40100
-666666666.0,"Riverton, WY Micro Area",40180
55482.0,"Roanoke, VA Metro Area",40220
43958.0,"Roanoke Rapids, NC Micro Area",40260
60063.0,"Rockford, IL Metro Area",40420
65735.0,"Rochelle, IL Micro Area",40300
83922.0,"Rochester, MN Metro Area",40340
57101.0,"Rochester, NY Metro Area",40380
-666666666.0,"Rockingham, NC Micro Area",40460
74821.0,"Rock Springs, WY Micro Area",40540
62137.0,"Rocky Mount, NC Metro Area",40580
38814.0,"Rolla, MO Micro Area",40620
49151.0,"Rome, GA Metro Area",40660
97031.0,"Roseburg, OR Micro Area",40700
-666666666.0,"Roswell, NM Micro Area",40740
-666666666.0,"Ruidoso, NM Micro Area",40760
51607.0,"Russellville, AR Micro Area",40780
-666666666.0,"Ruston, LA Micro Area",40820
57604.0,"Rutland, VT Micro Area",40860
68282.0,"Sacramento--Roseville--Arden-Arcade, CA Metro Area",40900
71875.0,"Safford, AZ Micro Area",40940
73529.0,"Saginaw, MI Metro Area",40980
77784.0,"St. Louis, MO-IL Metro Area",41180
40988.0,"St. Cloud, MN Metro Area",41060
32297.0,"St. George, UT Metro Area",41100
117689.0,"St. Joseph, MO-KS Metro Area",41140
90250.0,"St. Marys, GA Micro Area",41220
54609.0,"St. Marys, PA Micro Area",41260
74750.0,"Salem, OH Micro Area",41400
52308.0,"Salem, OR Metro Area",41420
72222.0,"Salina, KS Micro Area",41460
76830.0,"Salinas, CA Metro Area",41500
65638.0,"Salisbury, MD-DE Metro Area",41540
70570.0,"Salt Lake City, UT Metro Area",41620
68182.0,"San Angelo, TX Metro Area",41660
67447.0,"San Antonio-New Braunfels, TX Metro Area",41700
88297.0,"San Diego-Carlsbad, CA Metro Area",41740
-666666666.0,"Sandpoint, ID Micro Area",41760
-666666666.0,"Sandusky, OH Micro Area",41780
75833.0,"Sanford, NC Micro Area",41820
103669.0,"San Francisco-Oakland-Hayward, CA Metro Area",41860
-666666666.0,"San Germán, PR Metro Area",41900
128894.0,"San Jose-Sunnyvale-Santa Clara, CA Metro Area",41940
18203.0,"San Juan-Carolina-Caguas, PR Metro Area",41980
73593.0,"Santa Rosa, CA Metro Area",42220
64563.0,"San Luis Obispo-Paso Robles-Arroyo Grande, CA Metro Area",42020
66742.0,"Santa Cruz-Watsonville, CA Metro Area",42100
77664.0,"Santa Fe, NM Metro Area",42140
-666666666.0,"Santa Isabel, PR Micro Area",42180
69386.0,"Santa Maria-Santa Barbara, CA Metro Area",42200
57708.0,"Sault Ste. Marie, MI Micro Area",42300
61293.0,"Savannah, GA Metro Area",42340
-666666666.0,"Sayre, PA Micro Area",42380
40652.0,"Scottsbluff, NE Micro Area",42420
24423.0,"Scottsboro, AL Micro Area",42460
76875.0,"Sebastian-Vero Beach, FL Metro Area",42680
51705.0,"Scranton--Wilkes-Barre--Hazleton, PA Metro Area",42540
-666666666.0,"Searcy, AR Micro Area",42620
88393.0,"Seattle-Tacoma-Bellevue, WA Metro Area",42660
49702.0,"Sebring, FL Metro Area",42700
45714.0,"Sedalia, MO Micro Area",42740
-666666666.0,"Selinsgrove, PA Micro Area",42780
-666666666.0,"Selma, AL Micro Area",42820
-666666666.0,"Seneca, SC Micro Area",42860
-666666666.0,"Seneca Falls, NY Micro Area",42900
40667.0,"Sevierville, TN Micro Area",42940
95846.0,"Seymour, IN Micro Area",42980
-666666666.0,"Shelby, NC Micro Area",43140
39167.0,"Shawano, WI Micro Area",43020
79375.0,"Shawnee, OK Micro Area",43060
68365.0,"Sheboygan, WI Metro Area",43100
-666666666.0,"Shelbyville, TN Micro Area",43180
53194.0,"Shelton, WA Micro Area",43220
76250.0,"Sheridan, WY Micro Area",43260
50000.0,"Sherman-Denison, TX Metro Area",43300
39934.0,"Show Low, AZ Micro Area",43320
55495.0,"Shreveport-Bossier City, LA Metro Area",43340
50486.0,"Sidney, OH Micro Area",43380
59375.0,"Sierra Vista-Douglas, AZ Metro Area",43420
-666666666.0,"Sikeston, MO Micro Area",43460
-666666666.0,"Silver City, NM Micro Area",43500
50435.0,"Sioux City, IA-NE-SD Metro Area",43580
66051.0,"Sioux Falls, SD Metro Area",43620
-666666666.0,"Snyder, TX Micro Area",43660
45307.0,"Somerset, KY Micro Area",43700
-666666666.0,"Somerset, PA Micro Area",43740
53750.0,"Sonora, CA Micro Area",43760
54792.0,"South Bend-Mishawaka, IN-MI Metro Area",43780
58013.0,"Spartanburg, SC Metro Area",43900
23077.0,"Spearfish, SD Micro Area",43940
-666666666.0,"Spencer, IA Micro Area",43980
57809.0,"Springfield, MA Metro Area",44140
-666666666.0,"Spirit Lake, IA Micro Area",44020
45313.0,"Spokane-Spokane Valley, WA Metro Area",44060
67679.0,"Springfield, IL Metro Area",44100
29551.0,"Springfield, MO Metro Area",44180
72721.0,"Springfield, OH Metro Area",44220
27576.0,"Starkville, MS Micro Area",44260
29945.0,"State College, PA Metro Area",44300
48607.0,"Statesboro, GA Micro Area",44340
118462.0,"Sterling, CO Micro Area",44540
22031.0,"Staunton-Waynesboro, VA Metro Area",44420
-666666666.0,"Steamboat Springs, CO Micro Area",44460
112500.0,"Stephenville, TX Micro Area",44500
125885.0,"Sterling, IL Micro Area",44580
32120.0,"Stevens Point, WI Micro Area",44620
20676.0,"Stillwater, OK Micro Area",44660
68488.0,"Stockton-Lodi, CA Metro Area",44700
63042.0,"Storm Lake, IA Micro Area",44740
-666666666.0,"Sturgis, MI Micro Area",44780
67188.0,"Sulphur Springs, TX Micro Area",44860
94063.0,"Summerville, GA Micro Area",44900
-666666666.0,"Summit Park, UT Micro Area",44920
63333.0,"Sumter, SC Metro Area",44940
-666666666.0,"Sunbury, PA Micro Area",44980
-666666666.0,"Tahlequah, OK Micro Area",45140
145417.0,"Susanville, CA Micro Area",45000
-666666666.0,"Sweetwater, TX Micro Area",45020
44580.0,"Syracuse, NY Metro Area",45060
134083.0,"Talladega-Sylacauga, AL Micro Area",45180
60996.0,"Tallahassee, FL Metro Area",45220
69896.0,"Tampa-St. Petersburg-Clearwater, FL Metro Area",45300
31528.0,"Taos, NM Micro Area",45340
-666666666.0,"Taylorville, IL Micro Area",45380
61621.0,"Terre Haute, IN Metro Area",45460
66797.0,"Texarkana, TX-AR Metro Area",45500
-666666666.0,"The Dalles, OR Micro Area",45520
31313.0,"The Villages, FL Metro Area",45540
-666666666.0,"Thomaston, GA Micro Area",45580
51030.0,"Thomasville, GA Micro Area",45620
13618.0,"Tiffin, OH Micro Area",45660
53159.0,"Tifton, GA Micro Area",45700
-666666666.0,"Toccoa, GA Micro Area",45740
61288.0,"Toledo, OH Metro Area",45780
79598.0,"Topeka, KS Metro Area",45820
92292.0,"Torrington, CT Micro Area",45860
61615.0,"Traverse City, MI Micro Area",45900
139819.0,"Trenton, NJ Metro Area",45940
51719.0,"Troy, AL Micro Area",45980
55973.0,"Tulsa, OK Metro Area",46140
86065.0,"Truckee-Grass Valley, CA Micro Area",46020
48238.0,"Tucson, AZ Metro Area",46060
-666666666.0,"Tullahoma-Manchester, TN Micro Area",46100
92371.0,"Tupelo, MS Micro Area",46180
43030.0,"Tuscaloosa, AL Metro Area",46220
-666666666.0,"Twin Falls, ID Micro Area",46300
51941.0,"Tyler, TX Metro Area",46340
61667.0,"Ukiah, CA Micro Area",46380
-666666666.0,"Union City, TN-KY Micro Area",46460
106650.0,"Urbana, OH Micro Area",46500
82413.0,"Urban Honolulu, HI Metro Area",46520
34348.0,"Utica-Rome, NY Metro Area",46540
250001.0,"Uvalde, TX Micro Area",46620
62041.0,"Valdosta, GA Metro Area",46660
90356.0,"Vallejo-Fairfield, CA Metro Area",46700
69009.0,"Valley, AL Micro Area",46740
-666666666.0,"Van Wert, OH Micro Area",46780
28571.0,"Vermillion, SD Micro Area",46820
53636.0,"Vernal, UT Micro Area",46860
-666666666.0,"Vernon, TX Micro Area",46900
-666666666.0,"Vicksburg, MS Micro Area",46980
49500.0,"Vineland-Bridgeton, NJ Metro Area",47220
112986.0,"Victoria, TX Metro Area",47020
60664.0,"Vidalia, GA Micro Area",47080
-666666666.0,"Vincennes, IN Micro Area",47180
-666666666.0,"Vineyard Haven, MA Micro Area",47240
69225.0,"Virginia Beach-Norfolk-Newport News, VA-NC Metro Area",47260
-666666666.0,"Wahpeton, ND-MN Micro Area",47420
53363.0,"Visalia-Porterville, CA Metro Area",47300
-666666666.0,"Wabash, IN Micro Area",47340
41776.0,"Waco, TX Metro Area",47380
-666666666.0,"Walla Walla, WA Metro Area",47460
29028.0,"Wapakoneta, OH Micro Area",47540
57140.0,"Warner Robins, GA Metro Area",47580
205647.0,"Warren, PA Micro Area",47620
44688.0,"Warrensburg, MO Micro Area",47660
84375.0,"Warsaw, IN Micro Area",47700
-666666666.0,"Washington, IN Micro Area",47780
-666666666.0,"Washington, NC Micro Area",47820
107880.0,"Washington-Arlington-Alexandria, DC-VA-MD-WV Metro Area",47900
-666666666.0,"Washington Court House, OH Micro Area",47920
83542.0,"Waterloo-Cedar Falls, IA Metro Area",47940
-666666666.0,"Watertown, SD Micro Area",47980
51964.0,"Wausau, WI Metro Area",48140
50769.0,"Watertown-Fort Atkinson, WI Micro Area",48020
45810.0,"Watertown-Fort Drum, NY Metro Area",48060
-666666666.0,"Wauchula, FL Micro Area",48100
21523.0,"Waycross, GA Micro Area",48180
-666666666.0,"Weatherford, OK Micro Area",48220
56250.0,"Weirton-Steubenville, WV-OH Metro Area",48260
92593.0,"Wenatchee, WA Metro Area",48300
-666666666.0,"West Plains, MO Micro Area",48460
-666666666.0,"West Point, MS Micro Area",48500
72368.0,"Wichita Falls, TX Metro Area",48660
-666666666.0,"Wheeling, WV-OH Metro Area",48540
62059.0,"Whitewater-Elkhorn, WI Micro Area",48580
64189.0,"Wichita, KS Metro Area",48620
96382.0,"Williamsport, PA Metro Area",48700
136071.0,"Williston, ND Micro Area",48780
32989.0,"Willmar, MN Micro Area",48820
64632.0,"Wilmington, NC Metro Area",48900
-666666666.0,"Wilmington, OH Micro Area",48940
74375.0,"Wilson, NC Micro Area",48980
67489.0,"Winston-Salem, NC Metro Area",49180
54531.0,"Winchester, VA-WV Metro Area",49020
71875.0,"Winnemucca, NV Micro Area",49080
102586.0,"Winona, MN Micro Area",49100
74500.0,"Wisconsin Rapids-Marshfield, WI Micro Area",49220
-666666666.0,"Woodward, OK Micro Area",49260
91220.0,"Wooster, OH Micro Area",49300
88239.0,"Worcester, MA-CT Metro Area",49340
31461.0,"Worthington, MN Micro Area",49380
51875.0,"Yakima, WA Metro Area",49420
250001.0,"Yankton, SD Micro Area",49460
60043.0,"York-Hanover, PA Metro Area",49620
57331.0,"Youngstown-Warren-Boardman, OH-PA Metro Area",49660
52271.0,"Yuba City, CA Metro Area",49700
72009.0,"Yuma, AZ Metro Area",49740
17083.0,"Zanesville, OH Micro Area",49780
-666666666.0,"Zapata, TX Micro Area",49820
